pessoas_predio,sensor_vazamento,sensor_presenca,segundo_medida,horario_limpeza,dia_util,vazamento
2,1,0,5,0,1,1
5,0,0,15,0,1,0
0,1,0,25,0,1,1
5,1,1,35,0,1,0
5,1,1,45,0,1,0
2,1,1,55,0,1,0
4,1,1,65,0,1,0
5,0,0,75,0,1,0
3,0,1,85,0,1,0
5,1,0,95,0,1,1
4,1,1,105,0,1,0
5,1,0,115,0,1,1
2,0,0,125,0,1,0
5,1,0,135,0,1,1
1,0,0,145,0,1,0
0,0,0,155,0,1,0
3,1,0,165,0,1,1
0,0,1,175,0,1,0
1,0,0,185,0,1,0
4,0,0,195,0,1,0
2,0,0,205,0,1,0
2,0,0,215,0,1,0
0,0,0,225,0,1,0
2,1,1,235,0,1,0
0,0,0,245,0,1,0
0,1,1,255,0,1,0
5,1,1,265,0,1,0
2,1,1,275,0,1,0
0,1,0,285,0,1,1
2,1,1,295,0,1,0
0,1,0,305,0,1,1
0,0,1,315,0,1,0
5,0,0,325,0,1,0
3,0,1,335,0,1,0
0,0,1,345,0,1,0
4,1,1,355,0,1,0
5,1,1,365,0,1,0
0,0,0,375,0,1,0
3,0,0,385,0,1,0
1,1,0,395,0,1,1
4,0,1,405,0,1,0
3,1,0,415,0,1,1
0,0,1,425,0,1,0
2,1,0,435,0,1,1
5,0,0,445,0,1,0
3,1,1,455,0,1,0
2,0,1,465,0,1,0
2,1,0,475,0,1,1
1,0,0,485,0,1,0
5,1,1,495,0,1,0
5,1,1,505,0,1,1
1,1,0,515,0,1,1
3,0,1,525,0,1,0
5,0,1,535,0,1,0
4,1,0,545,0,1,1
4,1,1,555,0,1,1
3,1,1,565,0,1,1
1,1,0,575,0,1,1
0,1,0,585,0,1,1
4,1,0,595,0,1,1
3,1,0,605,0,1,1
4,0,1,615,0,1,0
2,1,0,625,0,1,1
5,1,1,635,0,1,1
4,1,0,645,0,1,1
3,0,1,655,0,1,0
0,0,1,665,0,1,0
0,0,0,675,0,1,0
2,1,0,685,0,1,1
1,1,0,695,0,1,1
4,1,1,705,0,1,1
1,0,1,715,0,1,0
1,0,0,725,0,1,0
4,0,0,735,0,1,0
4,1,0,745,0,1,1
1,1,1,755,0,1,1
2,0,0,765,0,1,0
1,1,1,775,0,1,1
4,1,0,785,0,1,1
3,0,1,795,0,1,0
0,1,0,805,0,1,1
0,1,1,815,0,1,1
5,0,1,825,0,1,0
3,1,0,835,0,1,1
1,1,1,845,0,1,1
2,1,1,855,0,1,1
5,1,1,865,0,1,0
2,1,1,875,0,1,0
4,0,1,885,0,1,0
3,0,0,895,0,1,0
3,0,0,905,0,1,0
1,0,1,915,0,1,0
0,0,1,925,0,1,0
4,1,1,935,0,1,1
2,0,1,945,0,1,0
2,0,1,955,0,1,0
0,1,1,965,0,1,0
3,1,1,975,0,1,0
1,1,1,985,0,1,0
5,1,0,995,0,1,1
1,1,0,1005,0,1,1
5,0,0,1015,0,1,0
5,0,0,1025,0,1,0
5,0,1,1035,0,1,0
1,0,0,1045,0,1,0
2,1,0,1055,0,1,1
5,1,1,1065,0,1,1
1,0,0,1075,0,1,0
1,1,1,1085,0,1,1
4,1,1,1095,0,1,1
4,0,0,1105,0,1,0
2,0,0,1115,0,1,0
0,0,1,1125,0,1,0
3,0,1,1135,0,1,0
0,0,0,1145,0,1,0
0,0,1,1155,0,1,0
5,0,1,1165,0,1,0
4,0,0,1175,0,1,0
1,1,0,1185,0,1,1
3,1,1,1195,0,1,0
4,0,1,1205,0,1,0
1,0,1,1215,0,1,0
1,0,1,1225,0,1,0
1,0,1,1235,0,1,0
2,0,0,1245,0,1,0
3,1,1,1255,0,1,0
2,0,0,1265,0,1,0
2,1,0,1275,0,1,1
5,1,0,1285,0,1,1
1,0,1,1295,0,1,0
3,1,1,1305,0,1,0
3,1,1,1315,0,1,0
1,0,1,1325,0,1,0
1,0,1,1335,0,1,0
1,0,1,1345,0,1,0
5,0,1,1355,0,1,0
3,0,1,1365,0,1,0
2,1,0,1375,0,1,1
5,0,0,1385,0,1,0
3,1,1,1395,0,1,0
0,0,0,1405,0,1,0
3,1,0,1415,0,1,1
3,1,0,1425,0,1,1
3,0,1,1435,0,1,0
3,1,0,1445,0,1,1
5,1,0,1455,0,1,1
5,0,1,1465,0,1,0
0,0,0,1475,0,1,0
4,1,1,1485,0,1,1
2,1,1,1495,0,1,1
5,1,0,1505,0,1,1
5,0,0,1515,0,1,0
2,1,0,1525,0,1,1
1,0,0,1535,0,1,0
4,1,1,1545,0,1,1
4,0,1,1555,0,1,0
4,0,1,1565,0,1,0
3,1,1,1575,0,1,0
4,0,1,1585,0,1,0
4,0,1,1595,0,1,0
1,1,1,1605,0,1,1
1,1,1,1615,0,1,1
2,1,1,1625,0,1,1
2,0,0,1635,0,1,0
1,1,1,1645,0,1,0
0,0,0,1655,0,1,0
2,1,1,1665,0,1,1
0,1,0,1675,0,1,1
2,0,1,1685,0,1,0
4,1,1,1695,0,1,0
2,0,1,1705,0,1,0
5,0,1,1715,0,1,0
3,0,0,1725,0,1,0
0,1,1,1735,0,1,0
3,1,1,1745,0,1,0
0,0,0,1755,0,1,0
5,0,0,1765,0,1,0
5,0,1,1775,0,1,0
1,1,0,1785,0,1,1
0,1,0,1795,0,1,1
1,1,1,1805,0,1,1
3,1,1,1815,0,1,1
5,0,0,1825,0,1,0
3,0,0,1835,0,1,0
5,0,1,1845,0,1,0
5,1,1,1855,0,1,0
4,1,0,1865,0,1,1
0,0,0,1875,0,1,0
1,0,1,1885,0,1,0
2,0,1,1895,0,1,0
3,1,1,1905,0,1,0
5,1,0,1915,0,1,1
4,0,0,1925,0,1,0
4,1,1,1935,0,1,0
1,1,0,1945,0,1,1
0,0,0,1955,0,1,0
2,1,0,1965,0,1,1
5,1,1,1975,0,1,0
0,1,0,1985,0,1,1
5,0,1,1995,0,1,0
1,1,1,2005,0,1,0
4,1,0,2015,0,1,1
1,0,0,2025,0,1,0
1,0,1,2035,0,1,0
0,0,0,2045,0,1,0
5,0,0,2055,0,1,0
5,0,1,2065,0,1,0
0,1,1,2075,0,1,0
5,0,1,2085,0,1,0
4,0,0,2095,0,1,0
0,0,0,2105,0,1,0
1,1,1,2115,0,1,0
3,0,1,2125,0,1,0
2,1,1,2135,0,1,0
2,0,0,2145,0,1,0
3,1,1,2155,0,1,0
2,0,1,2165,0,1,0
2,0,1,2175,0,1,0
5,1,1,2185,0,1,0
3,0,1,2195,0,1,0
4,1,1,2205,0,1,0
5,0,0,2215,0,1,0
2,0,1,2225,0,1,0
4,1,0,2235,0,1,1
0,0,0,2245,0,1,0
4,0,0,2255,0,1,0
3,1,0,2265,0,1,1
5,1,0,2275,0,1,1
4,0,0,2285,0,1,0
4,0,0,2295,0,1,0
1,1,0,2305,0,1,1
0,1,1,2315,0,1,1
4,0,1,2325,0,1,0
3,0,1,2335,0,1,0
4,1,0,2345,0,1,1
0,1,1,2355,0,1,0
1,0,1,2365,0,1,0
0,1,1,2375,0,1,1
2,1,0,2385,0,1,1
1,1,0,2395,0,1,1
4,0,1,2405,0,1,0
3,0,0,2415,0,1,0
3,0,0,2425,0,1,0
5,0,1,2435,0,1,0
1,1,1,2445,0,1,0
4,1,0,2455,0,1,1
4,1,0,2465,0,1,1
2,0,1,2475,0,1,0
3,1,0,2485,0,1,1
0,1,0,2495,0,1,1
1,0,1,2505,0,1,0
5,0,1,2515,0,1,0
3,0,1,2525,0,1,0
0,1,0,2535,0,1,1
3,0,1,2545,0,1,0
3,0,1,2555,0,1,0
5,0,0,2565,0,1,0
2,0,1,2575,0,1,0
2,0,1,2585,0,1,0
3,0,1,2595,0,1,0
2,1,0,2605,0,1,1
0,0,0,2615,0,1,0
1,1,1,2625,0,1,0
5,1,1,2635,0,1,0
5,1,0,2645,0,1,1
5,1,1,2655,0,1,0
0,0,0,2665,0,1,0
0,0,1,2675,0,1,0
0,0,1,2685,0,1,0
1,0,1,2695,0,1,0
2,0,1,2705,0,1,0
1,0,0,2715,0,1,0
1,0,0,2725,0,1,0
5,0,0,2735,0,1,0
2,1,1,2745,0,1,0
3,1,0,2755,0,1,1
1,1,0,2765,0,1,1
0,1,1,2775,0,1,0
1,0,0,2785,0,1,0
1,1,1,2795,0,1,0
3,1,0,2805,0,1,1
5,0,0,2815,0,1,0
4,1,1,2825,0,1,1
2,1,1,2835,0,1,0
2,1,1,2845,0,1,0
4,1,0,2855,0,1,1
1,0,1,2865,0,1,0
5,1,1,2875,0,1,0
5,0,0,2885,0,1,0
2,0,0,2895,0,1,0
0,0,1,2905,0,1,0
2,1,0,2915,0,1,1
1,0,1,2925,0,1,0
3,1,0,2935,0,1,1
1,1,1,2945,0,1,0
5,1,0,2955,0,1,1
5,0,0,2965,0,1,0
4,0,1,2975,0,1,0
2,0,1,2985,0,1,0
0,0,1,2995,0,1,0
2,1,1,3005,0,1,0
1,1,0,3015,0,1,1
1,0,1,3025,0,1,0
2,0,1,3035,0,1,0
5,0,1,3045,0,1,0
0,1,0,3055,0,1,1
0,0,0,3065,0,1,0
2,0,1,3075,0,1,0
5,0,0,3085,0,1,0
0,0,0,3095,0,1,0
0,1,0,3105,0,1,1
0,1,1,3115,0,1,0
5,1,1,3125,0,1,0
2,1,0,3135,0,1,1
0,0,1,3145,0,1,0
5,0,1,3155,0,1,0
4,1,1,3165,0,1,0
3,1,1,3175,0,1,1
3,0,1,3185,0,1,0
5,0,1,3195,0,1,0
5,1,1,3205,0,1,0
0,1,1,3215,0,1,0
1,0,1,3225,0,1,0
2,1,1,3235,0,1,0
2,0,0,3245,0,1,0
3,1,0,3255,0,1,1
2,0,0,3265,0,1,0
4,0,0,3275,0,1,0
3,0,0,3285,0,1,0
3,1,0,3295,0,1,1
0,1,0,3305,0,1,1
0,0,0,3315,0,1,0
3,0,0,3325,0,1,0
0,0,1,3335,0,1,0
1,0,0,3345,0,1,0
2,0,0,3355,0,1,0
4,1,0,3365,0,1,1
3,0,0,3375,0,1,0
3,1,1,3385,0,1,1
5,0,1,3395,0,1,0
4,1,1,3405,0,1,0
1,1,1,3415,0,1,0
2,1,0,3425,0,1,1
2,1,1,3435,0,1,0
5,0,1,3445,0,1,0
2,0,0,3455,0,1,0
4,0,1,3465,0,1,0
0,0,1,3475,0,1,0
0,1,0,3485,0,1,1
2,1,1,3495,0,1,1
2,1,0,3505,0,1,1
2,0,0,3515,0,1,0
0,0,1,3525,0,1,0
3,0,1,3535,0,1,0
5,0,1,3545,0,1,0
4,0,0,3555,0,1,0
1,1,0,3565,0,1,1
4,1,0,3575,0,1,1
4,0,0,3585,0,1,0
3,0,0,3595,0,1,0
4,1,1,3605,0,1,0
3,0,0,3615,0,1,0
2,1,0,3625,0,1,1
1,1,0,3635,0,1,1
5,0,0,3645,0,1,0
0,0,1,3655,0,1,0
3,1,0,3665,0,1,1
2,1,0,3675,0,1,1
3,0,0,3685,0,1,0
4,0,1,3695,0,1,0
0,0,0,3705,0,1,0
0,0,1,3715,0,1,0
1,1,0,3725,0,1,1
2,0,1,3735,0,1,0
2,1,0,3745,0,1,1
0,0,0,3755,0,1,0
1,0,1,3765,0,1,0
5,1,1,3775,0,1,0
3,0,1,3785,0,1,0
0,0,1,3795,0,1,0
5,1,0,3805,0,1,1
4,0,1,3815,0,1,0
0,1,0,3825,0,1,1
4,0,0,3835,0,1,0
5,0,0,3845,0,1,0
2,1,0,3855,0,1,1
0,1,0,3865,0,1,1
0,0,0,3875,0,1,0
2,0,0,3885,0,1,0
2,1,1,3895,0,1,0
4,1,0,3905,0,1,1
2,1,1,3915,0,1,0
0,1,0,3925,0,1,1
2,1,0,3935,0,1,1
0,1,0,3945,0,1,1
2,1,1,3955,0,1,0
3,0,0,3965,0,1,0
2,1,1,3975,0,1,0
4,0,0,3985,0,1,0
0,0,1,3995,0,1,0
10,1,1,4005,0,1,0
13,0,0,4015,0,1,0
15,0,0,4025,0,1,0
1,0,0,4035,0,1,0
4,1,1,4045,0,1,0
11,1,0,4055,0,1,1
6,0,0,4065,0,1,0
12,1,1,4075,0,1,0
1,0,1,4085,0,1,0
8,1,1,4095,0,1,0
7,0,0,4105,0,1,0
0,0,1,4115,0,1,0
12,1,0,4125,0,1,1
11,1,1,4135,0,1,1
5,0,0,4145,0,1,0
7,1,0,4155,0,1,1
9,1,1,4165,0,1,0
6,1,1,4175,0,1,1
11,0,0,4185,0,1,0
4,0,0,4195,0,1,0
11,0,0,4205,0,1,0
8,0,0,4215,0,1,0
10,0,0,4225,0,1,0
1,1,1,4235,0,1,0
6,0,0,4245,0,1,0
13,0,1,4255,0,1,0
15,0,0,4265,0,1,0
15,0,1,4275,0,1,0
13,1,0,4285,0,1,1
5,1,1,4295,0,1,0
5,0,1,4305,0,1,0
14,0,0,4315,0,1,0
5,1,1,4325,0,1,0
7,0,1,4335,0,1,0
12,0,1,4345,0,1,0
4,1,1,4355,0,1,0
13,1,1,4365,0,1,0
7,1,1,4375,0,1,0
11,1,0,4385,0,1,1
13,0,0,4395,0,1,0
11,0,0,4405,0,1,0
8,0,0,4415,0,1,0
13,1,0,4425,0,1,1
0,0,0,4435,0,1,0
6,0,1,4445,0,1,0
5,0,1,4455,0,1,0
2,1,1,4465,0,1,0
8,0,0,4475,0,1,0
3,0,1,4485,0,1,0
1,1,0,4495,0,1,1
12,1,1,4505,0,1,1
3,0,0,4515,0,1,0
14,1,0,4525,0,1,1
15,1,1,4535,0,1,1
3,0,1,4545,0,1,0
0,0,1,4555,0,1,0
13,0,0,4565,0,1,0
1,1,1,4575,0,1,0
8,1,1,4585,0,1,0
15,1,1,4595,0,1,1
11,0,1,4605,0,1,0
8,0,1,4615,0,1,0
5,1,0,4625,0,1,1
11,1,0,4635,0,1,1
15,0,0,4645,0,1,0
7,0,0,4655,0,1,0
0,1,0,4665,0,1,1
7,1,0,4675,0,1,1
4,1,1,4685,0,1,0
0,1,1,4695,0,1,0
11,0,0,4705,0,1,0
4,0,1,4715,0,1,0
3,0,0,4725,0,1,0
9,1,1,4735,0,1,1
9,1,1,4745,0,1,0
4,0,1,4755,0,1,0
4,0,0,4765,0,1,0
11,0,1,4775,0,1,0
2,0,1,4785,0,1,0
4,0,1,4795,0,1,0
5,1,1,4805,0,1,0
2,1,0,4815,0,1,1
6,0,0,4825,0,1,0
0,1,1,4835,0,1,0
12,0,1,4845,0,1,0
4,0,0,4855,0,1,0
9,1,0,4865,0,1,1
3,0,1,4875,0,1,0
2,1,1,4885,0,1,0
9,1,0,4895,0,1,1
8,1,0,4905,0,1,1
7,1,1,4915,0,1,1
12,0,1,4925,0,1,0
8,1,1,4935,0,1,1
13,0,1,4945,0,1,0
3,1,1,4955,0,1,1
5,0,1,4965,0,1,0
14,1,0,4975,0,1,1
1,1,1,4985,0,1,0
1,1,1,4995,0,1,1
6,0,0,5005,0,1,0
2,0,0,5015,0,1,0
3,0,1,5025,0,1,0
6,1,0,5035,0,1,1
6,1,0,5045,0,1,1
7,0,0,5055,0,1,0
1,1,1,5065,0,1,0
0,0,0,5075,0,1,0
7,0,0,5085,0,1,0
15,1,0,5095,0,1,1
13,0,0,5105,0,1,0
13,1,1,5115,0,1,0
8,1,0,5125,0,1,1
6,0,1,5135,0,1,0
4,0,0,5145,0,1,0
0,1,1,5155,0,1,0
15,1,0,5165,0,1,1
5,0,0,5175,0,1,0
5,0,0,5185,0,1,0
4,1,0,5195,0,1,1
3,0,1,5205,0,1,0
11,0,1,5215,0,1,0
8,0,1,5225,0,1,0
6,1,1,5235,0,1,1
10,0,1,5245,0,1,0
10,1,1,5255,0,1,0
0,1,1,5265,0,1,0
4,1,0,5275,0,1,1
4,1,0,5285,0,1,1
9,1,0,5295,0,1,1
10,0,1,5305,0,1,0
13,0,1,5315,0,1,0
9,0,1,5325,0,1,0
8,0,1,5335,0,1,0
9,0,0,5345,0,1,0
3,0,0,5355,0,1,0
8,0,0,5365,0,1,0
5,0,1,5375,0,1,0
7,0,0,5385,0,1,0
12,0,0,5395,0,1,0
1,1,0,5405,0,1,1
6,1,0,5415,0,1,1
13,0,1,5425,0,1,0
11,0,0,5435,0,1,0
12,1,1,5445,0,1,1
0,1,1,5455,0,1,0
0,0,1,5465,0,1,0
2,1,0,5475,0,1,1
5,0,0,5485,0,1,0
10,0,0,5495,0,1,0
8,1,1,5505,0,1,0
11,1,0,5515,0,1,1
1,0,1,5525,0,1,0
3,0,0,5535,0,1,0
11,0,1,5545,0,1,0
12,0,1,5555,0,1,0
6,0,1,5565,0,1,0
7,0,1,5575,0,1,0
0,0,1,5585,0,1,0
5,1,1,5595,0,1,1
2,1,1,5605,0,1,0
8,0,0,5615,0,1,0
6,1,0,5625,0,1,1
7,1,1,5635,0,1,0
12,1,1,5645,0,1,1
9,1,0,5655,0,1,1
12,1,0,5665,0,1,1
3,0,1,5675,0,1,0
8,1,1,5685,0,1,0
13,0,1,5695,0,1,0
9,1,0,5705,0,1,1
3,1,1,5715,0,1,1
15,1,1,5725,0,1,0
10,1,1,5735,0,1,0
15,0,0,5745,0,1,0
9,1,0,5755,0,1,1
8,1,1,5765,0,1,1
4,1,0,5775,0,1,1
11,0,1,5785,0,1,0
8,1,0,5795,0,1,1
14,0,0,5805,0,1,0
4,0,0,5815,0,1,0
1,1,1,5825,0,1,1
15,0,0,5835,0,1,0
14,1,1,5845,0,1,0
10,1,1,5855,0,1,0
2,0,1,5865,0,1,0
10,1,1,5875,0,1,0
8,0,1,5885,0,1,0
4,1,1,5895,0,1,0
2,0,1,5905,0,1,0
3,0,1,5915,0,1,0
10,0,0,5925,0,1,0
11,1,0,5935,0,1,1
12,0,0,5945,0,1,0
1,0,1,5955,0,1,0
13,1,0,5965,0,1,1
14,1,0,5975,0,1,1
6,1,0,5985,0,1,1
11,0,1,5995,0,1,0
2,0,0,6005,0,1,0
2,1,1,6015,0,1,0
1,1,1,6025,0,1,0
13,0,1,6035,0,1,0
15,0,1,6045,0,1,0
10,1,1,6055,0,1,0
2,0,0,6065,0,1,0
11,1,1,6075,0,1,0
10,0,0,6085,0,1,0
2,0,0,6095,0,1,0
8,0,1,6105,0,1,0
0,1,1,6115,0,1,0
13,0,1,6125,0,1,0
4,0,0,6135,0,1,0
6,1,1,6145,0,1,1
9,1,0,6155,0,1,1
2,1,1,6165,0,1,1
6,1,1,6175,0,1,0
10,1,1,6185,0,1,0
4,1,1,6195,0,1,1
2,0,1,6205,0,1,0
12,1,1,6215,0,1,0
2,1,1,6225,0,1,1
11,1,0,6235,0,1,1
3,0,0,6245,0,1,0
8,0,0,6255,0,1,0
15,0,1,6265,0,1,0
2,1,1,6275,0,1,0
3,0,0,6285,0,1,0
13,0,1,6295,0,1,0
15,0,1,6305,0,1,0
10,0,0,6315,0,1,0
13,1,1,6325,0,1,0
0,1,1,6335,0,1,1
10,1,1,6345,0,1,1
3,0,0,6355,0,1,0
2,1,1,6365,0,1,0
12,1,1,6375,0,1,0
10,0,1,6385,0,1,0
6,0,1,6395,0,1,0
11,1,1,6405,0,1,0
15,0,1,6415,0,1,0
7,1,1,6425,0,1,0
1,0,1,6435,0,1,0
12,1,0,6445,0,1,1
4,1,0,6455,0,1,1
0,1,1,6465,0,1,1
1,0,0,6475,0,1,0
10,1,0,6485,0,1,1
14,0,0,6495,0,1,0
1,0,1,6505,0,1,0
6,0,1,6515,0,1,0
15,0,1,6525,0,1,0
10,1,1,6535,0,1,0
13,0,1,6545,0,1,0
0,1,0,6555,0,1,1
11,0,1,6565,0,1,0
6,1,0,6575,0,1,1
5,1,0,6585,0,1,1
10,0,1,6595,0,1,0
7,1,1,6605,0,1,0
2,0,0,6615,0,1,0
13,1,0,6625,0,1,1
2,0,1,6635,0,1,0
2,0,1,6645,0,1,0
0,0,0,6655,0,1,0
13,1,0,6665,0,1,1
12,1,1,6675,0,1,1
12,0,1,6685,0,1,0
1,0,0,6695,0,1,0
4,1,1,6705,0,1,0
15,0,1,6715,0,1,0
15,1,0,6725,0,1,1
12,0,1,6735,0,1,0
11,1,1,6745,0,1,0
0,0,0,6755,0,1,0
15,1,1,6765,0,1,0
2,0,0,6775,0,1,0
4,0,0,6785,0,1,0
3,1,0,6795,0,1,1
13,1,1,6805,0,1,0
6,0,1,6815,0,1,0
7,1,0,6825,0,1,1
13,1,0,6835,0,1,1
6,0,1,6845,0,1,0
5,1,1,6855,0,1,0
14,1,1,6865,0,1,0
9,1,1,6875,0,1,0
2,1,0,6885,0,1,1
10,1,0,6895,0,1,1
6,1,0,6905,0,1,1
13,0,1,6915,0,1,0
1,0,1,6925,0,1,0
12,0,0,6935,0,1,0
5,0,1,6945,0,1,0
0,1,0,6955,0,1,1
7,0,1,6965,0,1,0
6,0,1,6975,0,1,0
8,0,0,6985,0,1,0
9,0,0,6995,0,1,0
3,0,0,7005,0,1,0
15,0,1,7015,0,1,0
4,1,1,7025,0,1,0
15,1,0,7035,0,1,1
6,1,1,7045,0,1,1
3,1,1,7055,0,1,0
7,1,1,7065,0,1,0
12,1,0,7075,0,1,1
14,0,1,7085,0,1,0
7,0,0,7095,0,1,0
7,1,1,7105,0,1,0
1,0,1,7115,0,1,0
8,0,0,7125,0,1,0
7,0,1,7135,0,1,0
15,1,1,7145,0,1,0
4,1,1,7155,0,1,0
12,0,0,7165,0,1,0
3,1,1,7175,0,1,0
3,0,1,7185,0,1,0
6,0,1,7195,0,1,0
13,1,1,7205,0,1,1
9,1,1,7215,0,1,0
11,1,1,7225,0,1,0
0,1,1,7235,0,1,0
10,1,1,7245,0,1,0
14,0,1,7255,0,1,0
15,1,1,7265,0,1,1
8,0,1,7275,0,1,0
8,1,0,7285,0,1,1
8,0,1,7295,0,1,0
11,1,0,7305,0,1,1
7,1,0,7315,0,1,1
7,0,1,7325,0,1,0
0,0,1,7335,0,1,0
7,1,1,7345,0,1,0
1,1,1,7355,0,1,1
0,0,0,7365,0,1,0
15,0,1,7375,0,1,0
4,1,1,7385,0,1,1
8,0,1,7395,0,1,0
1,1,0,7405,0,1,1
5,0,1,7415,0,1,0
2,1,0,7425,0,1,1
2,0,0,7435,0,1,0
4,0,1,7445,0,1,0
9,0,0,7455,0,1,0
13,1,1,7465,0,1,0
11,0,1,7475,0,1,0
6,1,0,7485,0,1,1
11,0,0,7495,0,1,0
9,0,1,7505,0,1,0
12,1,0,7515,0,1,1
8,1,1,7525,0,1,0
8,0,0,7535,0,1,0
2,1,1,7545,0,1,0
14,0,1,7555,0,1,0
0,1,0,7565,0,1,1
3,0,1,7575,0,1,0
5,1,1,7585,0,1,0
11,0,1,7595,0,1,0
0,1,0,7605,0,1,1
8,1,1,7615,0,1,1
10,0,0,7625,0,1,0
3,1,0,7635,0,1,1
12,1,1,7645,0,1,0
2,1,0,7655,0,1,1
6,1,0,7665,0,1,1
8,1,0,7675,0,1,1
11,1,0,7685,0,1,1
5,1,1,7695,0,1,1
0,1,0,7705,0,1,1
3,1,1,7715,0,1,0
7,1,1,7725,0,1,0
10,1,0,7735,0,1,1
2,0,0,7745,0,1,0
5,1,1,7755,0,1,0
8,1,0,7765,0,1,1
15,1,1,7775,0,1,1
15,1,1,7785,0,1,0
1,0,1,7795,0,1,0
5,1,1,7805,0,1,0
7,0,1,7815,0,1,0
6,1,0,7825,0,1,1
15,0,0,7835,0,1,0
9,0,1,7845,0,1,0
4,0,1,7855,0,1,0
2,1,0,7865,0,1,1
4,1,1,7875,0,1,1
4,1,0,7885,0,1,1
0,0,1,7895,0,1,0
4,1,0,7905,0,1,1
4,0,0,7915,0,1,0
2,0,0,7925,0,1,0
14,1,0,7935,0,1,1
1,1,1,7945,0,1,0
8,1,0,7955,0,1,1
1,0,0,7965,0,1,0
10,0,0,7975,0,1,0
6,0,1,7985,0,1,0
10,1,0,7995,0,1,1
65,0,1,8005,0,1,0
91,1,1,8015,0,1,1
98,1,0,8025,0,1,1
37,1,0,8035,0,1,1
100,0,1,8045,0,1,0
32,1,0,8055,0,1,1
59,1,0,8065,0,1,1
45,0,1,8075,0,1,0
63,1,0,8085,0,1,1
89,1,1,8095,0,1,0
68,1,0,8105,0,1,1
79,1,1,8115,0,1,1
39,0,0,8125,0,1,0
36,0,1,8135,0,1,0
92,1,0,8145,0,1,1
78,0,0,8155,0,1,0
32,0,0,8165,0,1,0
70,1,0,8175,0,1,1
56,1,0,8185,0,1,1
75,1,0,8195,0,1,1
96,0,1,8205,0,1,0
31,1,0,8215,0,1,1
38,1,1,8225,0,1,0
35,1,1,8235,0,1,1
64,0,1,8245,0,1,0
30,0,0,8255,0,1,0
51,1,0,8265,0,1,1
39,0,1,8275,0,1,0
32,1,0,8285,0,1,1
63,1,0,8295,0,1,1
85,0,0,8305,0,1,0
77,1,0,8315,0,1,1
67,1,1,8325,0,1,0
99,1,1,8335,0,1,1
92,0,1,8345,0,1,0
67,0,0,8355,0,1,0
68,0,1,8365,0,1,0
45,0,1,8375,0,1,0
62,0,1,8385,0,1,0
94,1,0,8395,0,1,1
42,1,0,8405,0,1,1
40,1,0,8415,0,1,1
51,1,0,8425,0,1,1
45,1,1,8435,0,1,1
48,1,1,8445,0,1,0
89,0,1,8455,0,1,0
52,1,0,8465,0,1,1
79,0,0,8475,0,1,0
62,1,0,8485,0,1,1
89,1,1,8495,0,1,0
45,0,1,8505,0,1,0
78,1,1,8515,0,1,0
100,1,0,8525,0,1,1
91,1,1,8535,0,1,0
65,0,1,8545,0,1,0
67,0,0,8555,0,1,0
100,1,1,8565,0,1,0
93,1,1,8575,0,1,0
34,0,1,8585,0,1,0
39,1,0,8595,0,1,1
93,1,1,8605,0,1,1
99,0,0,8615,0,1,0
77,1,0,8625,0,1,1
33,1,1,8635,0,1,0
49,1,1,8645,0,1,1
67,0,0,8655,0,1,0
43,1,0,8665,0,1,1
52,1,0,8675,0,1,1
30,1,0,8685,0,1,1
79,0,1,8695,0,1,0
48,0,0,8705,0,1,0
65,0,1,8715,0,1,0
91,0,1,8725,0,1,0
49,1,0,8735,0,1,1
76,0,0,8745,0,1,0
93,1,1,8755,0,1,0
74,1,1,8765,0,1,0
34,1,1,8775,0,1,0
95,1,1,8785,0,1,1
60,1,1,8795,0,1,0
57,1,1,8805,0,1,1
82,1,1,8815,0,1,0
79,0,0,8825,0,1,0
33,1,0,8835,0,1,1
30,1,1,8845,0,1,1
84,0,0,8855,0,1,0
81,1,0,8865,0,1,1
63,1,1,8875,0,1,0
52,0,0,8885,0,1,0
72,1,1,8895,0,1,1
93,0,1,8905,0,1,0
75,0,1,8915,0,1,0
94,0,1,8925,0,1,0
62,0,1,8935,0,1,0
58,1,0,8945,0,1,1
52,1,1,8955,0,1,1
68,1,0,8965,0,1,1
56,1,1,8975,0,1,1
34,0,1,8985,0,1,0
64,1,1,8995,0,1,0
57,0,0,9005,0,1,0
53,1,1,9015,0,1,0
57,0,1,9025,0,1,0
77,0,0,9035,0,1,0
92,1,0,9045,0,1,1
61,0,0,9055,0,1,0
83,1,0,9065,0,1,1
51,1,1,9075,0,1,0
65,1,0,9085,0,1,1
92,1,0,9095,0,1,1
35,1,0,9105,0,1,1
72,0,1,9115,0,1,0
46,0,1,9125,0,1,0
84,1,1,9135,0,1,0
71,0,0,9145,0,1,0
87,1,1,9155,0,1,0
44,0,0,9165,0,1,0
38,0,1,9175,0,1,0
79,0,1,9185,0,1,0
76,1,1,9195,0,1,0
83,1,1,9205,0,1,0
98,1,0,9215,0,1,1
36,1,1,9225,0,1,0
55,1,0,9235,0,1,1
42,0,1,9245,0,1,0
83,1,1,9255,0,1,0
59,0,0,9265,0,1,0
66,1,0,9275,0,1,1
72,1,0,9285,0,1,1
32,0,1,9295,0,1,0
58,0,1,9305,0,1,0
87,0,0,9315,0,1,0
95,0,1,9325,0,1,0
92,0,0,9335,0,1,0
37,1,0,9345,0,1,1
54,0,1,9355,0,1,0
83,0,1,9365,0,1,0
61,0,0,9375,0,1,0
69,0,1,9385,0,1,0
96,1,0,9395,0,1,1
77,0,0,9405,0,1,0
85,1,1,9415,0,1,0
53,1,1,9425,0,1,0
82,0,0,9435,0,1,0
58,0,0,9445,0,1,0
88,1,0,9455,0,1,1
66,1,0,9465,0,1,1
34,1,0,9475,0,1,1
72,1,1,9485,0,1,1
33,0,0,9495,0,1,0
34,0,0,9505,0,1,0
51,0,0,9515,0,1,0
58,1,1,9525,0,1,0
37,1,1,9535,0,1,1
88,0,0,9545,0,1,0
43,0,0,9555,0,1,0
94,0,1,9565,0,1,0
91,0,1,9575,0,1,0
62,0,1,9585,0,1,0
89,1,1,9595,0,1,0
50,0,0,9605,0,1,0
45,0,1,9615,0,1,0
36,0,0,9625,0,1,0
58,0,1,9635,0,1,0
41,0,1,9645,0,1,0
81,1,0,9655,0,1,1
63,1,1,9665,0,1,0
46,1,0,9675,0,1,1
56,1,1,9685,0,1,1
41,1,0,9695,0,1,1
98,0,0,9705,0,1,0
86,1,0,9715,0,1,1
63,1,1,9725,0,1,0
42,1,0,9735,0,1,1
73,1,1,9745,0,1,0
89,0,0,9755,0,1,0
57,0,0,9765,0,1,0
90,0,0,9775,0,1,0
34,0,1,9785,0,1,0
71,1,0,9795,0,1,1
32,1,1,9805,0,1,1
100,1,0,9815,0,1,1
51,0,0,9825,0,1,0
82,1,1,9835,0,1,0
42,0,0,9845,0,1,0
36,1,1,9855,0,1,0
46,1,1,9865,0,1,0
89,0,1,9875,0,1,0
56,1,0,9885,0,1,1
67,1,0,9895,0,1,1
72,1,0,9905,0,1,1
45,0,0,9915,0,1,0
33,0,1,9925,0,1,0
61,1,0,9935,0,1,1
95,1,1,9945,0,1,0
52,0,1,9955,0,1,0
32,0,1,9965,0,1,0
53,1,0,9975,0,1,1
60,1,0,9985,0,1,1
57,0,0,9995,0,1,0
32,1,0,10005,0,1,1
45,1,0,10015,0,1,1
93,0,0,10025,0,1,0
95,1,0,10035,0,1,1
98,1,0,10045,0,1,1
100,1,1,10055,0,1,1
42,1,1,10065,0,1,0
97,1,1,10075,0,1,0
92,0,0,10085,0,1,0
55,0,1,10095,0,1,0
89,0,0,10105,0,1,0
56,1,0,10115,0,1,1
54,1,1,10125,0,1,0
55,1,0,10135,0,1,1
88,1,0,10145,0,1,1
98,0,0,10155,0,1,0
31,1,0,10165,0,1,1
63,1,1,10175,0,1,1
67,0,0,10185,0,1,0
58,0,0,10195,0,1,0
40,0,0,10205,0,1,0
85,0,0,10215,0,1,0
55,1,0,10225,0,1,1
97,1,0,10235,0,1,1
35,0,1,10245,0,1,0
75,0,1,10255,0,1,0
90,1,0,10265,0,1,1
40,1,1,10275,0,1,0
100,1,0,10285,0,1,1
92,0,0,10295,0,1,0
92,1,0,10305,0,1,1
95,0,0,10315,0,1,0
68,0,0,10325,0,1,0
65,1,0,10335,0,1,1
55,0,1,10345,0,1,0
36,0,0,10355,0,1,0
95,1,1,10365,0,1,0
52,1,1,10375,0,1,1
90,1,1,10385,0,1,0
81,1,1,10395,0,1,0
93,0,1,10405,0,1,0
36,1,0,10415,0,1,1
72,0,1,10425,0,1,0
48,0,0,10435,0,1,0
56,1,1,10445,0,1,0
34,0,0,10455,0,1,0
34,0,1,10465,0,1,0
49,0,1,10475,0,1,0
94,1,1,10485,0,1,0
94,0,1,10495,0,1,0
34,1,1,10505,0,1,0
98,1,1,10515,0,1,0
33,0,1,10525,0,1,0
74,0,0,10535,0,1,0
89,1,1,10545,0,1,0
46,0,0,10555,0,1,0
60,1,0,10565,0,1,1
83,0,0,10575,0,1,0
99,0,0,10585,0,1,0
73,0,0,10595,0,1,0
36,0,0,10605,0,1,0
95,0,1,10615,0,1,0
86,1,1,10625,0,1,0
64,0,0,10635,0,1,0
51,0,1,10645,0,1,0
89,1,1,10655,0,1,0
71,1,1,10665,0,1,0
53,1,1,10675,0,1,1
32,1,0,10685,0,1,1
97,0,0,10695,0,1,0
100,0,1,10705,0,1,0
33,0,1,10715,0,1,0
83,1,0,10725,0,1,1
70,1,1,10735,0,1,1
52,0,1,10745,0,1,0
66,1,0,10755,0,1,1
38,0,1,10765,0,1,0
38,1,1,10775,0,1,0
70,1,1,10785,0,1,0
89,0,0,10795,0,1,0
96,1,1,10805,0,1,0
82,0,0,10815,0,1,0
62,1,1,10825,0,1,0
40,0,1,10835,0,1,0
56,1,1,10845,0,1,0
70,0,0,10855,0,1,0
82,1,0,10865,0,1,1
85,0,0,10875,0,1,0
34,0,0,10885,0,1,0
51,1,0,10895,0,1,1
77,1,1,10905,0,1,1
43,1,0,10915,0,1,1
34,0,0,10925,0,1,0
93,0,0,10935,0,1,0
53,0,1,10945,0,1,0
93,0,1,10955,0,1,0
61,1,0,10965,0,1,1
64,1,1,10975,0,1,0
37,0,0,10985,0,1,0
70,1,0,10995,0,1,1
97,1,1,11005,0,1,0
99,1,1,11015,0,1,0
79,1,0,11025,0,1,1
76,1,1,11035,0,1,1
51,0,1,11045,0,1,0
80,0,0,11055,0,1,0
52,0,0,11065,0,1,0
59,0,0,11075,0,1,0
88,1,0,11085,1,1,0
51,1,1,11095,1,1,0
37,0,0,11105,1,1,0
50,1,1,11115,1,1,0
66,0,0,11125,1,1,0
73,1,0,11135,1,1,0
77,0,0,11145,1,1,0
86,0,0,11155,1,1,0
91,1,0,11165,1,1,0
44,0,1,11175,1,1,0
65,1,0,11185,1,1,0
62,1,1,11195,1,1,0
96,1,0,11205,1,1,0
99,0,1,11215,1,1,0
77,0,1,11225,1,1,0
72,0,1,11235,1,1,0
58,1,0,11245,1,1,0
82,1,0,11255,1,1,0
91,1,0,11265,1,1,0
83,0,0,11275,1,1,0
90,1,0,11285,1,1,0
91,1,1,11295,1,1,0
89,0,1,11305,1,1,0
41,0,1,11315,1,1,0
54,1,0,11325,1,1,0
61,1,1,11335,1,1,0
85,1,0,11345,1,1,0
77,1,0,11355,1,1,0
96,0,1,11365,1,1,0
59,0,0,11375,1,1,0
51,1,0,11385,1,1,0
90,1,1,11395,1,1,0
32,0,1,11405,1,1,0
76,1,0,11415,1,1,0
79,1,0,11425,1,1,0
54,1,1,11435,1,1,0
52,0,1,11445,1,1,0
32,1,1,11455,1,1,0
36,1,0,11465,1,1,0
62,0,1,11475,1,1,0
96,0,1,11485,1,1,0
91,1,0,11495,1,1,0
58,0,1,11505,1,1,0
88,1,0,11515,1,1,0
40,0,0,11525,1,1,0
51,1,1,11535,1,1,0
45,0,0,11545,1,1,0
68,1,1,11555,1,1,0
65,0,0,11565,1,1,0
67,0,0,11575,1,1,0
40,1,0,11585,1,1,0
31,1,1,11595,1,1,0
53,1,1,11605,1,1,0
30,1,0,11615,1,1,0
41,0,0,11625,1,1,0
68,0,1,11635,1,1,0
33,0,1,11645,1,1,0
89,1,0,11655,1,1,0
100,1,1,11665,1,1,0
45,1,0,11675,1,1,0
81,1,0,11685,1,1,0
40,0,0,11695,1,1,0
64,1,1,11705,1,1,0
96,1,0,11715,1,1,0
83,1,0,11725,1,1,0
39,0,0,11735,1,1,0
89,1,0,11745,1,1,0
54,0,0,11755,1,1,0
66,0,0,11765,1,1,0
31,0,0,11775,1,1,0
77,0,0,11785,1,1,0
36,0,1,11795,1,1,0
74,1,0,11805,0,1,1
42,0,0,11815,0,1,0
75,1,1,11825,0,1,0
82,0,1,11835,0,1,0
30,0,1,11845,0,1,0
37,0,0,11855,0,1,0
32,0,1,11865,0,1,0
43,0,0,11875,0,1,0
80,0,0,11885,0,1,0
30,1,1,11895,0,1,0
55,0,0,11905,0,1,0
72,1,1,11915,0,1,1
75,1,1,11925,0,1,1
47,0,1,11935,0,1,0
36,0,0,11945,0,1,0
86,1,1,11955,0,1,0
40,0,0,11965,0,1,0
87,1,0,11975,0,1,1
100,1,1,11985,0,1,0
33,0,1,11995,0,1,0
63,0,1,12005,0,1,0
70,0,1,12015,0,1,0
80,1,1,12025,0,1,0
69,0,0,12035,0,1,0
62,0,0,12045,0,1,0
44,1,0,12055,0,1,1
60,1,0,12065,0,1,1
94,1,0,12075,0,1,1
83,1,1,12085,0,1,0
73,1,0,12095,0,1,1
97,0,0,12105,0,1,0
70,1,0,12115,0,1,1
87,1,0,12125,0,1,1
74,1,0,12135,0,1,1
59,0,0,12145,0,1,0
97,1,0,12155,0,1,1
36,0,1,12165,0,1,0
45,1,1,12175,0,1,0
71,0,1,12185,0,1,0
88,0,0,12195,0,1,0
62,0,1,12205,0,1,0
46,1,0,12215,0,1,1
46,1,0,12225,0,1,1
96,0,0,12235,0,1,0
74,0,1,12245,0,1,0
85,1,0,12255,0,1,1
48,1,0,12265,0,1,1
47,1,0,12275,0,1,1
33,0,1,12285,0,1,0
75,0,0,12295,0,1,0
69,0,1,12305,0,1,0
36,1,0,12315,0,1,1
88,1,1,12325,0,1,1
36,1,1,12335,0,1,0
66,0,0,12345,0,1,0
31,0,1,12355,0,1,0
48,1,1,12365,0,1,0
57,1,1,12375,0,1,0
32,1,0,12385,0,1,1
64,0,0,12395,0,1,0
54,0,1,12405,0,1,0
68,0,0,12415,0,1,0
45,0,1,12425,0,1,0
53,0,1,12435,0,1,0
46,0,0,12445,0,1,0
47,1,1,12455,0,1,0
33,0,0,12465,0,1,0
83,1,0,12475,0,1,1
59,1,1,12485,0,1,0
34,0,0,12495,0,1,0
100,0,1,12505,0,1,0
58,0,1,12515,0,1,0
51,0,0,12525,0,1,0
39,1,0,12535,0,1,1
38,1,1,12545,0,1,0
75,0,1,12555,0,1,0
51,0,0,12565,0,1,0
49,1,0,12575,0,1,1
37,0,1,12585,0,1,0
36,1,1,12595,0,1,0
73,0,0,12605,0,1,0
95,1,1,12615,0,1,0
69,1,0,12625,0,1,1
35,0,0,12635,0,1,0
58,0,1,12645,0,1,0
64,0,1,12655,0,1,0
43,0,1,12665,0,1,0
73,0,0,12675,0,1,0
99,0,1,12685,0,1,0
94,1,1,12695,0,1,0
89,1,1,12705,0,1,1
98,0,1,12715,0,1,0
50,0,0,12725,0,1,0
86,1,1,12735,0,1,0
68,1,0,12745,0,1,1
95,1,1,12755,0,1,0
72,0,0,12765,0,1,0
36,0,0,12775,0,1,0
32,1,0,12785,0,1,1
61,1,0,12795,0,1,1
60,0,0,12805,0,1,0
40,0,1,12815,0,1,0
49,0,1,12825,0,1,0
43,1,1,12835,0,1,1
34,1,1,12845,0,1,0
37,1,1,12855,0,1,1
35,1,1,12865,0,1,0
33,1,1,12875,0,1,0
96,0,1,12885,0,1,0
59,1,1,12895,0,1,0
94,1,0,12905,0,1,1
94,0,0,12915,0,1,0
43,0,1,12925,0,1,0
40,1,1,12935,0,1,0
41,1,1,12945,0,1,0
37,0,0,12955,0,1,0
87,0,1,12965,0,1,0
61,1,1,12975,0,1,0
98,1,1,12985,0,1,0
44,1,0,12995,0,1,1
45,1,0,13005,0,1,1
49,0,1,13015,0,1,0
88,0,1,13025,0,1,0
48,0,0,13035,0,1,0
57,1,0,13045,0,1,1
45,1,0,13055,0,1,1
98,1,0,13065,0,1,1
76,0,0,13075,0,1,0
80,1,0,13085,0,1,1
94,0,1,13095,0,1,0
43,0,1,13105,0,1,0
35,0,1,13115,0,1,0
46,0,1,13125,0,1,0
85,1,1,13135,0,1,1
54,1,1,13145,0,1,1
52,1,0,13155,0,1,1
94,1,1,13165,0,1,1
76,1,1,13175,0,1,1
32,0,0,13185,0,1,0
86,1,0,13195,0,1,1
41,0,1,13205,0,1,0
71,1,1,13215,0,1,1
93,1,0,13225,0,1,1
55,0,1,13235,0,1,0
84,1,0,13245,0,1,1
45,1,0,13255,0,1,1
91,0,1,13265,0,1,0
50,1,0,13275,0,1,1
89,1,0,13285,0,1,1
49,1,0,13295,0,1,1
100,1,1,13305,0,1,0
90,0,0,13315,0,1,0
62,0,0,13325,0,1,0
91,1,0,13335,0,1,1
88,0,0,13345,0,1,0
95,0,0,13355,0,1,0
55,1,1,13365,0,1,0
33,1,1,13375,0,1,0
61,0,0,13385,0,1,0
40,1,0,13395,0,1,1
66,0,1,13405,0,1,0
83,0,0,13415,0,1,0
80,0,1,13425,0,1,0
97,0,1,13435,0,1,0
67,1,1,13445,0,1,0
73,0,0,13455,0,1,0
42,1,1,13465,0,1,0
57,1,0,13475,0,1,1
60,0,0,13485,0,1,0
95,0,1,13495,0,1,0
12,0,0,13505,0,1,0
8,1,0,13515,0,1,1
0,0,0,13525,0,1,0
5,1,0,13535,0,1,1
5,0,1,13545,0,1,0
10,0,1,13555,0,1,0
0,1,0,13565,0,1,1
2,0,0,13575,0,1,0
9,0,1,13585,0,1,0
3,0,0,13595,0,1,0
7,0,1,13605,0,1,0
5,0,0,13615,0,1,0
8,1,1,13625,0,1,1
5,0,0,13635,0,1,0
3,0,0,13645,0,1,0
7,0,0,13655,0,1,0
10,0,1,13665,0,1,0
11,1,1,13675,0,1,0
14,0,1,13685,0,1,0
10,1,1,13695,0,1,0
1,0,1,13705,0,1,0
14,1,1,13715,0,1,0
3,1,1,13725,0,1,0
7,1,0,13735,0,1,1
4,0,1,13745,0,1,0
3,0,1,13755,0,1,0
13,1,0,13765,0,1,1
3,0,1,13775,0,1,0
13,1,0,13785,0,1,1
1,1,0,13795,0,1,1
12,1,0,13805,0,1,1
5,1,1,13815,0,1,0
1,1,1,13825,0,1,0
3,1,1,13835,0,1,0
3,1,1,13845,0,1,0
2,0,1,13855,0,1,0
11,0,1,13865,0,1,0
5,1,0,13875,0,1,1
8,1,0,13885,0,1,1
10,1,0,13895,0,1,1
11,1,1,13905,0,1,1
13,0,0,13915,0,1,0
15,1,1,13925,0,1,0
13,0,1,13935,0,1,0
0,0,0,13945,0,1,0
14,1,0,13955,0,1,1
15,1,1,13965,0,1,1
0,1,0,13975,0,1,1
1,0,1,13985,0,1,0
4,1,0,13995,0,1,1
14,0,0,14005,0,1,0
14,1,1,14015,0,1,1
3,0,1,14025,0,1,0
0,1,1,14035,0,1,0
6,0,0,14045,0,1,0
6,1,0,14055,0,1,1
2,0,1,14065,0,1,0
7,1,1,14075,0,1,0
8,0,0,14085,0,1,0
10,0,1,14095,0,1,0
9,1,1,14105,0,1,1
11,1,0,14115,0,1,1
11,0,1,14125,0,1,0
1,0,0,14135,0,1,0
15,1,1,14145,0,1,0
3,1,0,14155,0,1,1
14,1,0,14165,0,1,1
13,1,1,14175,0,1,0
11,0,1,14185,0,1,0
9,1,1,14195,0,1,1
9,1,1,14205,0,1,0
8,0,1,14215,0,1,0
7,1,0,14225,0,1,1
9,0,1,14235,0,1,0
1,0,1,14245,0,1,0
2,1,0,14255,0,1,1
1,1,1,14265,0,1,0
10,1,1,14275,0,1,0
8,1,1,14285,0,1,1
0,0,1,14295,0,1,0
3,1,1,14305,0,1,0
7,1,0,14315,0,1,1
3,1,1,14325,0,1,0
1,0,1,14335,0,1,0
5,0,0,14345,0,1,0
11,0,1,14355,0,1,0
0,1,0,14365,0,1,1
0,1,1,14375,0,1,1
3,0,1,14385,0,1,0
7,1,1,14395,0,1,0
14,0,0,14405,0,1,0
2,1,0,14415,0,1,1
0,0,0,14425,0,1,0
14,1,1,14435,0,1,0
10,0,0,14445,0,1,0
15,1,0,14455,0,1,1
7,1,0,14465,0,1,1
5,1,0,14475,0,1,1
2,1,0,14485,0,1,1
5,1,1,14495,0,1,0
3,0,0,14505,0,1,0
3,1,1,14515,0,1,0
9,1,1,14525,0,1,1
11,1,0,14535,0,1,1
8,0,0,14545,0,1,0
7,1,0,14555,0,1,1
0,1,0,14565,0,1,1
11,1,1,14575,0,1,1
13,0,1,14585,0,1,0
3,1,1,14595,0,1,1
13,1,0,14605,0,1,1
5,1,1,14615,0,1,1
4,1,1,14625,0,1,1
6,0,1,14635,0,1,0
2,1,0,14645,0,1,1
0,0,1,14655,0,1,0
7,1,0,14665,0,1,1
11,0,1,14675,0,1,0
10,0,0,14685,0,1,0
3,1,1,14695,0,1,1
3,1,0,14705,0,1,1
7,0,1,14715,0,1,0
6,0,1,14725,0,1,0
11,0,0,14735,0,1,0
3,0,0,14745,0,1,0
1,1,1,14755,0,1,1
15,1,0,14765,0,1,1
12,1,0,14775,0,1,1
15,1,0,14785,0,1,1
14,0,0,14795,0,1,0
11,0,0,14805,0,1,0
1,1,1,14815,0,1,0
11,0,1,14825,0,1,0
12,0,1,14835,0,1,0
1,0,0,14845,0,1,0
3,0,0,14855,0,1,0
7,1,1,14865,0,1,1
5,1,1,14875,0,1,0
9,1,0,14885,0,1,1
6,0,1,14895,0,1,0
10,1,1,14905,0,1,0
8,0,1,14915,0,1,0
5,0,0,14925,0,1,0
7,0,1,14935,0,1,0
12,1,1,14945,0,1,0
9,1,0,14955,0,1,1
6,0,1,14965,0,1,0
4,0,0,14975,0,1,0
15,1,0,14985,0,1,1
3,1,1,14995,0,1,0
2,0,1,15005,0,1,0
2,1,1,15015,0,1,1
3,0,1,15025,0,1,0
0,1,1,15035,0,1,0
2,0,0,15045,0,1,0
3,0,0,15055,0,1,0
3,1,1,15065,0,1,1
0,0,0,15075,0,1,0
4,1,0,15085,0,1,1
4,1,1,15095,0,1,0
1,0,1,15105,0,1,0
5,0,1,15115,0,1,0
2,1,0,15125,0,1,1
5,0,1,15135,0,1,0
1,1,0,15145,0,1,1
3,0,0,15155,0,1,0
4,0,1,15165,0,1,0
2,0,1,15175,0,1,0
5,1,0,15185,0,1,1
4,1,1,15195,0,1,0
1,0,0,15205,0,1,0
1,0,0,15215,0,1,0
3,0,0,15225,0,1,0
0,1,0,15235,0,1,1
4,0,1,15245,0,1,0
3,1,1,15255,0,1,1
4,0,0,15265,0,1,0
5,0,1,15275,0,1,0
5,1,0,15285,0,1,1
1,1,0,15295,0,1,1
4,0,0,15305,0,1,0
1,0,0,15315,0,1,0
2,1,0,15325,0,1,1
3,0,0,15335,0,1,0
5,1,0,15345,0,1,1
4,0,1,15355,0,1,0
5,1,0,15365,0,1,1
5,0,1,15375,0,1,0
0,1,0,15385,0,1,1
5,1,1,15395,0,1,1
2,0,0,15405,0,1,0
3,0,0,15415,0,1,0
3,0,1,15425,0,1,0
5,0,1,15435,0,1,0
4,1,0,15445,0,1,1
0,0,0,15455,0,1,0
0,0,1,15465,0,1,0
1,0,0,15475,0,1,0
1,1,1,15485,0,1,1
0,0,0,15495,0,1,0
1,0,0,15505,0,1,0
5,1,0,15515,0,1,1
2,0,0,15525,0,1,0
0,0,0,15535,0,1,0
2,1,0,15545,0,1,1
5,1,0,15555,0,1,1
2,0,0,15565,0,1,0
4,1,0,15575,0,1,1
4,1,0,15585,0,1,1
4,0,1,15595,0,1,0
3,1,0,15605,0,1,1
4,0,1,15615,0,1,0
4,0,1,15625,0,1,0
2,1,0,15635,0,1,1
0,0,0,15645,0,1,0
1,1,1,15655,0,1,0
5,1,1,15665,0,1,0
1,1,1,15675,0,1,0
4,0,1,15685,0,1,0
1,1,0,15695,0,1,1
3,0,1,15705,0,1,0
0,1,0,15715,0,1,1
5,0,0,15725,0,1,0
5,1,0,15735,0,1,1
3,0,0,15745,0,1,0
4,0,0,15755,0,1,0
5,0,1,15765,0,1,0
4,0,1,15775,0,1,0
4,0,1,15785,0,1,0
4,1,1,15795,0,1,1
1,0,0,15805,0,1,0
2,1,1,15815,0,1,0
1,0,1,15825,0,1,0
2,0,0,15835,0,1,0
0,0,0,15845,0,1,0
3,0,0,15855,0,1,0
2,1,0,15865,0,1,1
3,0,1,15875,0,1,0
1,1,1,15885,0,1,0
2,1,0,15895,0,1,1
4,0,1,15905,0,1,0
0,1,0,15915,0,1,1
2,0,1,15925,0,1,0
1,1,1,15935,0,1,0
5,1,0,15945,0,1,1
1,1,1,15955,0,1,0
1,0,1,15965,0,1,0
0,1,0,15975,0,1,1
5,0,1,15985,0,1,0
2,1,0,15995,0,1,1
3,0,1,16005,0,1,0
3,1,1,16015,0,1,0
4,0,0,16025,0,1,0
1,1,1,16035,0,1,0
5,1,0,16045,0,1,1
1,1,1,16055,0,1,1
0,0,0,16065,0,1,0
3,0,1,16075,0,1,0
3,0,0,16085,0,1,0
3,1,0,16095,0,1,1
0,0,1,16105,0,1,0
4,0,0,16115,0,1,0
1,1,1,16125,0,1,0
0,1,1,16135,0,1,1
2,1,0,16145,0,1,1
5,1,0,16155,0,1,1
2,1,1,16165,0,1,0
5,1,1,16175,0,1,0
3,1,0,16185,0,1,1
4,1,0,16195,0,1,1
1,1,0,16205,0,1,1
5,1,1,16215,0,1,1
4,0,0,16225,0,1,0
4,0,1,16235,0,1,0
4,0,1,16245,0,1,0
3,1,1,16255,0,1,0
4,1,1,16265,0,1,1
5,1,0,16275,0,1,1
3,1,1,16285,0,1,1
0,1,0,16295,0,1,1
5,0,1,16305,0,1,0
4,1,0,16315,0,1,1
2,0,0,16325,0,1,0
0,0,1,16335,0,1,0
4,0,0,16345,0,1,0
0,0,1,16355,0,1,0
1,1,1,16365,0,1,0
3,0,1,16375,0,1,0
0,1,0,16385,0,1,1
0,1,1,16395,0,1,1
2,0,0,16405,0,1,0
2,1,0,16415,0,1,1
1,0,1,16425,0,1,0
5,0,1,16435,0,1,0
3,0,1,16445,0,1,0
3,0,0,16455,0,1,0
0,1,1,16465,0,1,1
3,0,1,16475,0,1,0
4,0,0,16485,0,1,0
2,0,1,16495,0,1,0
2,1,1,16505,0,1,1
4,0,1,16515,0,1,0
4,1,1,16525,0,1,1
4,0,1,16535,0,1,0
2,1,1,16545,0,1,0
2,1,0,16555,0,1,1
1,1,1,16565,0,1,1
0,1,0,16575,0,1,1
2,0,0,16585,0,1,0
0,0,1,16595,0,1,0
3,1,0,16605,0,1,1
4,1,1,16615,0,1,1
1,1,0,16625,0,1,1
0,1,0,16635,0,1,1
5,0,0,16645,0,1,0
3,1,1,16655,0,1,1
0,1,0,16665,0,1,1
4,0,1,16675,0,1,0
4,0,0,16685,0,1,0
3,1,1,16695,0,1,0
4,1,0,16705,0,1,1
4,0,0,16715,0,1,0
5,1,1,16725,0,1,0
2,1,0,16735,0,1,1
5,0,1,16745,0,1,0
1,0,1,16755,0,1,0
2,1,1,16765,0,1,0
1,1,0,16775,0,1,1
3,1,0,16785,0,1,1
4,0,0,16795,0,1,0
2,1,0,16805,0,1,1
3,0,0,16815,0,1,0
4,0,1,16825,0,1,0
4,1,0,16835,0,1,1
1,1,0,16845,0,1,1
5,0,0,16855,0,1,0
1,1,1,16865,0,1,0
3,1,1,16875,0,1,1
5,0,0,16885,0,1,0
1,0,0,16895,0,1,0
0,1,0,16905,0,1,1
0,0,1,16915,0,1,0
2,1,1,16925,0,1,0
1,1,1,16935,0,1,1
3,1,0,16945,0,1,1
4,1,1,16955,0,1,1
1,1,0,16965,0,1,1
4,0,1,16975,0,1,0
0,1,0,16985,0,1,1
5,1,1,16995,0,1,0
2,1,0,17005,0,1,1
3,0,1,17015,0,1,0
0,1,0,17025,0,1,1
2,1,0,17035,0,1,1
1,1,1,17045,0,1,0
3,1,0,17055,0,1,1
2,1,1,17065,0,1,0
1,0,0,17075,0,1,0
0,0,1,17085,0,1,0
5,0,1,17095,0,1,0
4,1,0,17105,0,1,1
1,0,0,17115,0,1,0
5,0,0,17125,0,1,0
2,1,1,17135,0,1,0
5,1,1,17145,0,1,0
1,0,0,17155,0,1,0
1,1,0,17165,0,1,1
5,0,1,17175,0,1,0
3,1,1,17185,0,1,1
3,1,0,17195,0,1,1
2,0,0,17205,0,1,0
5,0,1,17215,0,1,0
0,0,0,17225,0,1,0
4,1,0,17235,0,1,1
1,0,0,17245,0,1,0
5,1,1,17255,0,1,1
0,1,1,17265,0,1,0
4,0,1,17275,0,1,0
14,0,1,0,0,0,0
8,0,1,10,0,0,0
6,1,1,20,0,0,0
7,0,0,30,0,0,0
0,1,0,40,0,0,1
5,1,0,50,0,0,1
0,1,0,60,0,0,1
0,0,1,70,0,0,0
6,1,1,80,0,0,0
2,1,1,90,0,0,0
9,1,0,100,0,0,1
12,0,1,110,0,0,0
6,1,1,120,0,0,1
12,1,0,130,0,0,1
0,0,0,140,0,0,0
3,1,1,150,0,0,0
4,0,0,160,0,0,0
4,0,0,170,0,0,0
6,0,0,180,0,0,0
8,1,1,190,0,0,0
7,1,0,200,0,0,1
15,0,0,210,0,0,0
6,0,0,220,0,0,0
2,1,0,230,0,0,1
14,1,1,240,0,0,1
0,0,1,250,0,0,0
0,1,1,260,0,0,0
15,1,1,270,0,0,0
12,0,1,280,0,0,0
7,1,1,290,0,0,0
5,1,0,300,0,0,1
14,1,1,310,0,0,1
11,0,0,320,0,0,0
0,0,1,330,0,0,0
12,1,0,340,0,0,1
0,1,0,350,0,0,1
10,1,0,360,0,0,1
8,1,1,370,0,0,0
15,1,0,380,0,0,1
5,1,1,390,0,0,0
11,1,1,400,0,0,1
4,1,0,410,0,0,1
1,0,1,420,0,0,0
3,0,0,430,0,0,0
12,1,0,440,0,0,1
8,1,1,450,0,0,0
10,0,1,460,0,0,0
8,1,1,470,0,0,0
14,1,1,480,0,0,0
7,0,1,490,0,0,0
14,1,0,500,0,0,1
8,1,1,510,0,0,0
9,1,0,520,0,0,1
4,0,0,530,0,0,0
3,1,0,540,0,0,1
15,1,0,550,0,0,1
6,0,1,560,0,0,0
10,1,1,570,0,0,1
11,1,1,580,0,0,0
3,1,1,590,0,0,0
15,0,1,600,0,0,0
15,1,1,610,0,0,0
1,0,1,620,0,0,0
11,0,1,630,0,0,0
11,0,1,640,0,0,0
2,1,1,650,0,0,0
5,1,1,660,0,0,0
3,1,0,670,0,0,1
11,0,1,680,0,0,0
1,1,1,690,0,0,0
2,0,1,700,0,0,0
1,1,0,710,0,0,1
6,1,1,720,0,0,0
1,1,1,730,0,0,1
10,1,0,740,0,0,1
13,0,1,750,0,0,0
10,0,1,760,0,0,0
8,1,1,770,0,0,1
7,0,0,780,0,0,0
5,1,0,790,0,0,1
12,0,0,800,0,0,0
12,1,0,810,0,0,1
6,1,0,820,0,0,1
3,0,1,830,0,0,0
10,0,1,840,0,0,0
7,1,1,850,0,0,0
2,1,0,860,0,0,1
2,1,1,870,0,0,0
8,1,0,880,0,0,1
14,1,1,890,0,0,1
5,0,0,900,0,0,0
3,0,0,910,0,0,0
7,1,1,920,0,0,0
12,0,1,930,0,0,0
6,0,1,940,0,0,0
13,0,1,950,0,0,0
1,1,1,960,0,0,1
12,0,1,970,0,0,0
11,0,0,980,0,0,0
15,1,0,990,0,0,1
11,0,1,1000,0,0,0
5,0,1,1010,0,0,0
7,1,1,1020,0,0,0
15,0,0,1030,0,0,0
7,0,0,1040,0,0,0
2,1,0,1050,0,0,1
9,0,0,1060,0,0,0
8,0,0,1070,0,0,0
9,1,1,1080,0,0,0
0,1,1,1090,0,0,1
1,1,0,1100,0,0,1
0,1,0,1110,0,0,1
6,1,0,1120,0,0,1
13,1,1,1130,0,0,1
9,1,1,1140,0,0,0
2,0,1,1150,0,0,0
4,1,0,1160,0,0,1
8,1,0,1170,0,0,1
10,1,1,1180,0,0,1
0,0,1,1190,0,0,0
2,0,0,1200,0,0,0
13,1,1,1210,0,0,0
13,0,1,1220,0,0,0
9,0,0,1230,0,0,0
10,1,1,1240,0,0,0
14,1,0,1250,0,0,1
8,0,1,1260,0,0,0
10,0,1,1270,0,0,0
1,0,1,1280,0,0,0
14,0,1,1290,0,0,0
0,0,1,1300,0,0,0
4,0,1,1310,0,0,0
15,0,1,1320,0,0,0
13,0,1,1330,0,0,0
14,1,0,1340,0,0,1
1,0,0,1350,0,0,0
14,1,0,1360,0,0,1
9,1,0,1370,0,0,1
10,0,1,1380,0,0,0
4,0,0,1390,0,0,0
7,1,0,1400,0,0,1
12,1,0,1410,0,0,1
2,1,1,1420,0,0,1
1,1,0,1430,0,0,1
1,0,0,1440,0,0,0
2,1,0,1450,0,0,1
9,0,1,1460,0,0,0
4,0,1,1470,0,0,0
6,0,0,1480,0,0,0
6,1,0,1490,0,0,1
9,1,1,1500,0,0,1
11,1,0,1510,0,0,1
10,1,1,1520,0,0,1
2,0,0,1530,0,0,0
7,1,0,1540,0,0,1
5,0,0,1550,0,0,0
9,0,0,1560,0,0,0
12,1,0,1570,0,0,1
9,0,0,1580,0,0,0
0,1,0,1590,0,0,1
4,1,0,1600,0,0,1
11,1,1,1610,0,0,0
15,1,0,1620,0,0,1
8,0,1,1630,0,0,0
13,0,1,1640,0,0,0
15,1,1,1650,0,0,1
3,1,0,1660,0,0,1
8,1,1,1670,0,0,1
14,1,0,1680,0,0,1
14,0,1,1690,0,0,0
6,0,1,1700,0,0,0
10,0,0,1710,0,0,0
6,0,0,1720,0,0,0
11,1,1,1730,0,0,0
6,1,0,1740,0,0,1
13,0,0,1750,0,0,0
14,1,1,1760,0,0,0
2,0,0,1770,0,0,0
3,0,1,1780,0,0,0
4,1,0,1790,0,0,1
8,1,1,1800,0,0,1
12,0,1,1810,0,0,0
7,0,0,1820,0,0,0
6,0,0,1830,0,0,0
15,1,1,1840,0,0,1
10,0,1,1850,0,0,0
5,1,1,1860,0,0,0
6,1,1,1870,0,0,0
3,0,0,1880,0,0,0
12,1,0,1890,0,0,1
12,0,0,1900,0,0,0
11,1,1,1910,0,0,0
9,0,0,1920,0,0,0
8,0,1,1930,0,0,0
14,0,0,1940,0,0,0
8,0,1,1950,0,0,0
13,1,0,1960,0,0,1
6,0,0,1970,0,0,0
10,0,0,1980,0,0,0
15,0,0,1990,0,0,0
8,1,1,2000,0,0,0
10,0,1,2010,0,0,0
13,1,0,2020,0,0,1
11,1,1,2030,0,0,1
14,1,1,2040,0,0,0
10,1,0,2050,0,0,1
10,1,0,2060,0,0,1
10,1,1,2070,0,0,0
15,1,1,2080,0,0,1
7,1,0,2090,0,0,1
0,1,0,2100,0,0,1
6,0,0,2110,0,0,0
14,1,0,2120,0,0,1
4,1,1,2130,0,0,0
4,1,1,2140,0,0,0
6,0,1,2150,0,0,0
13,1,0,2160,0,0,1
14,0,1,2170,0,0,0
5,0,0,2180,0,0,0
6,0,0,2190,0,0,0
6,0,1,2200,0,0,0
13,1,0,2210,0,0,1
8,1,0,2220,0,0,1
0,1,1,2230,0,0,0
7,1,1,2240,0,0,0
6,1,1,2250,0,0,0
3,0,0,2260,0,0,0
9,0,0,2270,0,0,0
10,1,1,2280,0,0,0
12,0,1,2290,0,0,0
1,0,0,2300,0,0,0
6,0,1,2310,0,0,0
2,0,0,2320,0,0,0
11,0,1,2330,0,0,0
2,1,1,2340,0,0,0
4,1,0,2350,0,0,1
15,0,0,2360,0,0,0
7,1,1,2370,0,0,1
12,1,1,2380,0,0,0
14,1,1,2390,0,0,0
3,1,0,2400,0,0,1
13,0,1,2410,0,0,0
7,1,1,2420,0,0,1
14,1,0,2430,0,0,1
8,0,1,2440,0,0,0
5,0,1,2450,0,0,0
14,1,0,2460,0,0,1
8,0,1,2470,0,0,0
10,1,0,2480,0,0,1
10,1,0,2490,0,0,1
1,1,0,2500,0,0,1
3,0,0,2510,0,0,0
0,1,0,2520,0,0,1
0,1,0,2530,0,0,1
7,1,0,2540,0,0,1
6,1,0,2550,0,0,1
11,0,1,2560,0,0,0
7,0,0,2570,0,0,0
15,1,0,2580,0,0,1
7,1,1,2590,0,0,0
4,1,0,2600,0,0,1
2,1,1,2610,0,0,0
4,1,1,2620,0,0,0
8,1,1,2630,0,0,0
10,0,0,2640,0,0,0
4,0,1,2650,0,0,0
4,1,1,2660,0,0,0
12,1,1,2670,0,0,0
2,0,0,2680,0,0,0
5,1,1,2690,0,0,0
2,1,1,2700,0,0,1
5,1,0,2710,0,0,1
13,1,0,2720,0,0,1
2,0,0,2730,0,0,0
14,0,1,2740,0,0,0
10,1,1,2750,0,0,0
4,0,1,2760,0,0,0
11,0,1,2770,0,0,0
15,1,1,2780,0,0,0
8,1,1,2790,0,0,0
11,1,0,2800,0,0,1
12,0,0,2810,0,0,0
4,1,1,2820,0,0,0
4,1,0,2830,0,0,1
2,1,1,2840,0,0,0
2,0,1,2850,0,0,0
9,0,1,2860,0,0,0
1,0,0,2870,0,0,0
15,1,0,2880,0,0,1
11,0,1,2890,0,0,0
3,0,0,2900,0,0,0
14,1,1,2910,0,0,1
4,0,1,2920,0,0,0
15,0,0,2930,0,0,0
13,0,0,2940,0,0,0
7,0,1,2950,0,0,0
2,1,1,2960,0,0,0
2,0,1,2970,0,0,0
0,1,0,2980,0,0,1
10,0,1,2990,0,0,0
11,0,0,3000,0,0,0
10,0,0,3010,0,0,0
8,1,1,3020,0,0,0
11,1,0,3030,0,0,1
0,0,0,3040,0,0,0
15,1,0,3050,0,0,1
12,0,1,3060,0,0,0
13,1,0,3070,0,0,1
13,1,1,3080,0,0,0
4,0,0,3090,0,0,0
0,1,0,3100,0,0,1
14,0,1,3110,0,0,0
5,0,1,3120,0,0,0
6,1,0,3130,0,0,1
12,0,1,3140,0,0,0
11,0,1,3150,0,0,0
1,0,1,3160,0,0,0
5,0,0,3170,0,0,0
5,1,1,3180,0,0,1
9,1,0,3190,0,0,1
9,0,0,3200,0,0,0
7,0,1,3210,0,0,0
5,1,1,3220,0,0,0
1,1,0,3230,0,0,1
7,0,0,3240,0,0,0
3,0,1,3250,0,0,0
5,0,0,3260,0,0,0
4,0,1,3270,0,0,0
3,0,0,3280,0,0,0
5,1,0,3290,0,0,1
10,0,0,3300,0,0,0
0,0,0,3310,0,0,0
13,1,0,3320,0,0,1
2,0,1,3330,0,0,0
1,0,0,3340,0,0,0
8,1,1,3350,0,0,0
7,0,0,3360,0,0,0
14,1,1,3370,0,0,1
9,1,0,3380,0,0,1
7,1,0,3390,0,0,1
3,1,0,3400,0,0,1
1,0,0,3410,0,0,0
12,1,0,3420,0,0,1
9,0,0,3430,0,0,0
13,1,1,3440,0,0,0
0,0,1,3450,0,0,0
6,1,1,3460,0,0,0
7,0,0,3470,0,0,0
6,1,0,3480,0,0,1
11,1,1,3490,0,0,1
11,1,1,3500,0,0,0
5,0,1,3510,0,0,0
10,0,1,3520,0,0,0
2,1,0,3530,0,0,1
10,0,0,3540,0,0,0
6,1,1,3550,0,0,0
7,0,0,3560,0,0,0
3,1,1,3570,0,0,0
7,1,0,3580,0,0,1
10,0,1,3590,0,0,0
4,1,1,3600,0,0,0
0,1,0,3610,0,0,1
4,0,1,3620,0,0,0
6,0,1,3630,0,0,0
4,1,0,3640,0,0,1
2,1,1,3650,0,0,0
10,1,0,3660,0,0,1
7,1,0,3670,0,0,1
1,0,1,3680,0,0,0
7,1,1,3690,0,0,1
3,0,1,3700,0,0,0
14,1,1,3710,0,0,0
4,0,1,3720,0,0,0
10,0,0,3730,0,0,0
14,0,0,3740,0,0,0
3,0,0,3750,0,0,0
11,0,0,3760,0,0,0
9,1,0,3770,0,0,1
5,1,0,3780,0,0,1
0,1,1,3790,0,0,0
0,0,0,3800,0,0,0
12,0,0,3810,0,0,0
6,1,0,3820,0,0,1
7,1,0,3830,0,0,1
4,1,1,3840,0,0,0
12,1,1,3850,0,0,0
13,1,1,3860,0,0,0
15,0,1,3870,0,0,0
6,0,1,3880,0,0,0
4,0,1,3890,0,0,0
0,0,1,3900,0,0,0
6,0,0,3910,0,0,0
2,1,1,3920,0,0,0
8,0,0,3930,0,0,0
9,1,0,3940,0,0,1
15,1,1,3950,0,0,1
15,1,1,3960,0,0,0
5,1,0,3970,0,0,1
11,1,0,3980,0,0,1
14,1,1,3990,0,0,1
6,0,0,4000,0,0,0
8,1,1,4010,0,0,0
10,1,0,4020,0,0,1
8,1,1,4030,0,0,1
3,1,1,4040,0,0,0
0,1,1,4050,0,0,1
4,1,1,4060,0,0,0
13,1,0,4070,0,0,1
11,1,0,4080,0,0,1
7,0,1,4090,0,0,0
1,1,1,4100,0,0,0
1,0,0,4110,0,0,0
9,1,0,4120,0,0,1
4,1,1,4130,0,0,1
11,0,0,4140,0,0,0
15,1,1,4150,0,0,0
7,0,1,4160,0,0,0
7,1,1,4170,0,0,0
15,1,0,4180,0,0,1
3,0,1,4190,0,0,0
5,0,0,4200,0,0,0
3,1,0,4210,0,0,1
0,1,0,4220,0,0,1
3,0,1,4230,0,0,0
11,0,1,4240,0,0,0
8,0,1,4250,0,0,0
8,1,1,4260,0,0,0
9,1,0,4270,0,0,1
13,1,1,4280,0,0,0
5,1,0,4290,0,0,1
8,1,0,4300,0,0,1
12,1,0,4310,0,0,1
4,1,1,4320,0,0,1
14,0,1,4330,0,0,0
7,1,1,4340,0,0,1
7,0,0,4350,0,0,0
11,0,1,4360,0,0,0
8,0,1,4370,0,0,0
2,0,1,4380,0,0,0
13,1,1,4390,0,0,0
13,0,1,4400,0,0,0
15,1,0,4410,0,0,1
9,1,1,4420,0,0,0
3,0,1,4430,0,0,0
2,0,1,4440,0,0,0
9,0,1,4450,0,0,0
13,0,1,4460,0,0,0
11,0,1,4470,0,0,0
8,1,1,4480,0,0,0
3,1,0,4490,0,0,1
7,1,1,4500,0,0,1
5,0,0,4510,0,0,0
2,0,0,4520,0,0,0
13,1,1,4530,0,0,0
15,0,0,4540,0,0,0
0,0,1,4550,0,0,0
8,0,0,4560,0,0,0
4,1,1,4570,0,0,0
7,1,0,4580,0,0,1
0,1,1,4590,0,0,1
15,1,0,4600,0,0,1
4,0,1,4610,0,0,0
4,0,1,4620,0,0,0
0,0,0,4630,0,0,0
8,1,0,4640,0,0,1
1,0,0,4650,0,0,0
10,1,0,4660,0,0,1
14,0,1,4670,0,0,0
10,1,0,4680,0,0,1
7,1,1,4690,0,0,0
3,1,0,4700,0,0,1
0,0,0,4710,0,0,0
10,1,1,4720,0,0,1
10,1,0,4730,0,0,1
5,1,0,4740,0,0,1
2,1,1,4750,0,0,1
7,1,0,4760,0,0,1
6,1,0,4770,0,0,1
15,0,0,4780,0,0,0
13,0,0,4790,0,0,0
13,1,0,4800,0,0,1
4,1,0,4810,0,0,1
8,1,0,4820,0,0,1
4,1,1,4830,0,0,0
9,1,1,4840,0,0,1
12,1,0,4850,0,0,1
11,0,1,4860,0,0,0
12,0,0,4870,0,0,0
4,1,1,4880,0,0,0
4,1,0,4890,0,0,1
8,0,0,4900,0,0,0
13,0,1,4910,0,0,0
9,1,0,4920,0,0,1
4,0,1,4930,0,0,0
0,1,0,4940,0,0,1
2,1,0,4950,0,0,1
7,0,0,4960,0,0,0
11,1,1,4970,0,0,1
13,1,0,4980,0,0,1
14,1,1,4990,0,0,0
8,1,1,5000,0,0,0
10,0,0,5010,0,0,0
8,1,1,5020,0,0,0
7,0,1,5030,0,0,0
2,0,0,5040,0,0,0
6,1,0,5050,0,0,1
7,0,1,5060,0,0,0
11,0,0,5070,0,0,0
3,1,0,5080,0,0,1
5,0,1,5090,0,0,0
3,1,1,5100,0,0,0
5,0,1,5110,0,0,0
1,1,1,5120,0,0,0
14,0,1,5130,0,0,0
12,0,0,5140,0,0,0
14,0,1,5150,0,0,0
10,0,0,5160,0,0,0
13,0,0,5170,0,0,0
8,1,0,5180,0,0,1
14,0,1,5190,0,0,0
11,0,0,5200,0,0,0
0,1,0,5210,0,0,1
6,1,0,5220,0,0,1
10,1,0,5230,0,0,1
8,1,0,5240,0,0,1
4,1,0,5250,0,0,1
15,0,1,5260,0,0,0
12,0,0,5270,0,0,0
7,1,0,5280,0,0,1
0,0,0,5290,0,0,0
6,0,1,5300,0,0,0
14,1,1,5310,0,0,0
6,0,0,5320,0,0,0
15,0,0,5330,0,0,0
12,1,1,5340,0,0,0
3,1,0,5350,0,0,1
0,1,0,5360,0,0,1
9,1,1,5370,0,0,0
12,1,0,5380,0,0,1
4,1,0,5390,0,0,1
13,0,0,5400,0,0,0
7,0,0,5410,0,0,0
12,1,1,5420,0,0,0
12,1,1,5430,0,0,1
5,1,0,5440,0,0,1
1,0,0,5450,0,0,0
11,0,0,5460,0,0,0
13,0,0,5470,0,0,0
5,1,0,5480,0,0,1
14,1,0,5490,0,0,1
9,1,1,5500,0,0,0
0,0,0,5510,0,0,0
9,0,0,5520,0,0,0
4,0,1,5530,0,0,0
7,1,1,5540,0,0,0
1,0,1,5550,0,0,0
10,1,1,5560,0,0,1
7,1,0,5570,0,0,1
6,0,0,5580,0,0,0
8,0,1,5590,0,0,0
9,1,1,5600,0,0,0
13,1,0,5610,0,0,1
7,1,0,5620,0,0,1
4,1,1,5630,0,0,0
2,1,1,5640,0,0,0
14,1,1,5650,0,0,1
6,1,1,5660,0,0,0
9,1,0,5670,0,0,1
9,1,0,5680,0,0,1
14,0,0,5690,0,0,0
14,1,0,5700,0,0,1
2,1,1,5710,0,0,0
12,1,1,5720,0,0,1
14,1,1,5730,0,0,1
1,1,0,5740,0,0,1
12,0,1,5750,0,0,0
4,0,1,5760,0,0,0
10,0,1,5770,0,0,0
10,1,1,5780,0,0,0
15,0,1,5790,0,0,0
15,0,1,5800,0,0,0
2,0,1,5810,0,0,0
8,0,0,5820,0,0,0
7,0,1,5830,0,0,0
2,1,0,5840,0,0,1
15,0,1,5850,0,0,0
3,0,0,5860,0,0,0
2,0,1,5870,0,0,0
11,0,1,5880,0,0,0
12,1,0,5890,0,0,1
14,1,1,5900,0,0,1
3,0,1,5910,0,0,0
4,0,0,5920,0,0,0
12,0,0,5930,0,0,0
15,0,1,5940,0,0,0
2,1,0,5950,0,0,1
4,1,1,5960,0,0,1
5,0,0,5970,0,0,0
8,1,0,5980,0,0,1
2,1,1,5990,0,0,1
1,0,1,6000,0,0,0
14,1,0,6010,0,0,1
5,0,0,6020,0,0,0
10,1,0,6030,0,0,1
9,1,1,6040,0,0,1
9,0,1,6050,0,0,0
13,0,1,6060,0,0,0
9,0,1,6070,0,0,0
0,0,0,6080,0,0,0
7,1,0,6090,0,0,1
11,0,1,6100,0,0,0
0,1,0,6110,0,0,1
3,0,1,6120,0,0,0
14,0,1,6130,0,0,0
0,1,1,6140,0,0,0
0,0,1,6150,0,0,0
13,1,0,6160,0,0,1
10,1,1,6170,0,0,1
13,0,1,6180,0,0,0
13,0,1,6190,0,0,0
14,0,1,6200,0,0,0
14,0,1,6210,0,0,0
7,1,1,6220,0,0,0
10,0,1,6230,0,0,0
11,0,0,6240,0,0,0
1,1,0,6250,0,0,1
14,1,1,6260,0,0,0
10,1,1,6270,0,0,1
4,0,0,6280,0,0,0
15,1,0,6290,0,0,1
2,1,0,6300,0,0,1
13,1,0,6310,0,0,1
8,0,1,6320,0,0,0
9,1,1,6330,0,0,0
12,0,1,6340,0,0,0
3,1,1,6350,0,0,0
15,0,1,6360,0,0,0
8,0,0,6370,0,0,0
4,1,0,6380,0,0,1
12,1,0,6390,0,0,1
7,0,0,6400,0,0,0
9,1,1,6410,0,0,0
4,0,0,6420,0,0,0
6,1,0,6430,0,0,1
3,0,1,6440,0,0,0
2,1,1,6450,0,0,0
8,1,1,6460,0,0,0
2,0,1,6470,0,0,0
9,0,1,6480,0,0,0
3,1,1,6490,0,0,1
10,0,1,6500,0,0,0
13,0,0,6510,0,0,0
1,0,0,6520,0,0,0
4,0,0,6530,0,0,0
5,0,1,6540,0,0,0
5,1,0,6550,0,0,1
10,1,1,6560,0,0,1
2,1,0,6570,0,0,1
4,1,0,6580,0,0,1
11,1,0,6590,0,0,1
11,0,1,6600,0,0,0
15,1,1,6610,0,0,0
3,0,1,6620,0,0,0
0,0,0,6630,0,0,0
1,0,1,6640,0,0,0
14,0,1,6650,0,0,0
12,0,0,6660,0,0,0
5,1,1,6670,0,0,0
12,1,1,6680,0,0,0
11,0,1,6690,0,0,0
14,1,0,6700,0,0,1
12,1,0,6710,0,0,1
1,1,0,6720,0,0,1
1,1,0,6730,0,0,1
10,1,0,6740,0,0,1
4,0,0,6750,0,0,0
7,0,0,6760,0,0,0
1,1,0,6770,0,0,1
7,0,0,6780,0,0,0
1,1,1,6790,0,0,0
14,0,0,6800,0,0,0
2,0,0,6810,0,0,0
3,1,0,6820,0,0,1
15,0,1,6830,0,0,0
1,1,1,6840,0,0,1
4,1,0,6850,0,0,1
7,1,1,6860,0,0,1
12,0,1,6870,0,0,0
14,0,1,6880,0,0,0
0,0,1,6890,0,0,0
6,0,1,6900,0,0,0
11,0,1,6910,0,0,0
0,0,1,6920,0,0,0
7,1,0,6930,0,0,1
12,0,1,6940,0,0,0
12,1,0,6950,0,0,1
12,1,0,6960,0,0,1
9,0,1,6970,0,0,0
1,0,1,6980,0,0,0
14,1,0,6990,0,0,1
6,0,1,7000,0,0,0
8,1,0,7010,0,0,1
14,0,0,7020,0,0,0
8,0,1,7030,0,0,0
8,1,0,7040,0,0,1
7,0,0,7050,0,0,0
6,1,1,7060,0,0,0
10,1,0,7070,0,0,1
4,1,0,7080,0,0,1
14,0,0,7090,0,0,0
7,1,0,7100,0,0,1
15,0,0,7110,0,0,0
13,0,0,7120,0,0,0
10,0,1,7130,0,0,0
2,0,0,7140,0,0,0
14,1,1,7150,0,0,0
8,0,0,7160,0,0,0
4,1,1,7170,0,0,0
4,0,0,7180,0,0,0
6,1,1,7190,0,0,0
12,0,0,7200,0,0,0
2,1,0,7210,0,0,1
11,0,0,7220,0,0,0
14,1,0,7230,0,0,1
15,1,1,7240,0,0,0
7,0,1,7250,0,0,0
0,0,1,7260,0,0,0
9,0,1,7270,0,0,0
0,1,0,7280,0,0,1
6,1,0,7290,0,0,1
0,0,1,7300,0,0,0
15,0,0,7310,0,0,0
9,0,1,7320,0,0,0
8,1,1,7330,0,0,0
3,1,1,7340,0,0,0
15,0,1,7350,0,0,0
3,0,1,7360,0,0,0
6,0,0,7370,0,0,0
8,0,1,7380,0,0,0
12,0,0,7390,0,0,0
9,0,1,7400,0,0,0
0,0,0,7410,0,0,0
5,1,0,7420,0,0,1
12,0,1,7430,0,0,0
4,0,1,7440,0,0,0
12,0,1,7450,0,0,0
8,0,1,7460,0,0,0
11,0,1,7470,0,0,0
15,0,0,7480,0,0,0
10,1,0,7490,0,0,1
0,0,0,7500,0,0,0
14,0,0,7510,0,0,0
3,1,0,7520,0,0,1
13,1,0,7530,0,0,1
0,0,0,7540,0,0,0
2,0,1,7550,0,0,0
7,0,1,7560,0,0,0
15,0,1,7570,0,0,0
6,0,0,7580,0,0,0
15,0,0,7590,0,0,0
8,1,1,7600,0,0,0
3,1,1,7610,0,0,1
14,1,1,7620,0,0,1
5,0,0,7630,0,0,0
8,1,0,7640,0,0,1
12,1,1,7650,0,0,0
4,1,1,7660,0,0,1
9,1,1,7670,0,0,1
8,0,0,7680,0,0,0
4,0,1,7690,0,0,0
2,0,1,7700,0,0,0
12,0,0,7710,0,0,0
2,1,0,7720,0,0,1
2,1,0,7730,0,0,1
1,0,0,7740,0,0,0
11,1,0,7750,0,0,1
15,1,1,7760,0,0,0
2,0,0,7770,0,0,0
14,0,1,7780,0,0,0
8,0,0,7790,0,0,0
1,0,0,7800,0,0,0
2,1,0,7810,0,0,1
12,1,1,7820,0,0,0
13,0,0,7830,0,0,0
8,0,1,7840,0,0,0
15,0,1,7850,0,0,0
10,1,1,7860,0,0,0
5,0,0,7870,0,0,0
15,1,0,7880,0,0,1
0,1,1,7890,0,0,1
8,1,0,7900,0,0,1
1,0,1,7910,0,0,0
1,1,1,7920,0,0,0
15,1,0,7930,0,0,1
12,1,0,7940,0,0,1
0,0,0,7950,0,0,0
3,1,1,7960,0,0,0
9,1,1,7970,0,0,0
11,0,0,7980,0,0,0
6,1,1,7990,0,0,0
2,1,0,8000,0,0,1
14,1,1,8010,0,0,0
3,1,0,8020,0,0,1
1,1,0,8030,0,0,1
11,1,1,8040,0,0,0
6,1,1,8050,0,0,0
2,0,0,8060,0,0,0
14,0,0,8070,0,0,0
6,1,0,8080,0,0,1
11,0,0,8090,0,0,0
2,1,1,8100,0,0,0
15,0,1,8110,0,0,0
14,0,0,8120,0,0,0
11,0,0,8130,0,0,0
7,1,0,8140,0,0,1
7,0,0,8150,0,0,0
13,1,1,8160,0,0,1
8,0,1,8170,0,0,0
5,0,1,8180,0,0,0
4,0,0,8190,0,0,0
2,0,0,8200,0,0,0
14,0,0,8210,0,0,0
11,1,1,8220,0,0,0
1,0,1,8230,0,0,0
5,0,0,8240,0,0,0
13,1,1,8250,0,0,0
2,1,0,8260,0,0,1
15,1,1,8270,0,0,1
3,0,1,8280,0,0,0
3,1,1,8290,0,0,0
14,1,1,8300,0,0,1
15,0,0,8310,0,0,0
14,0,0,8320,0,0,0
12,1,1,8330,0,0,1
15,0,1,8340,0,0,0
5,0,0,8350,0,0,0
15,0,0,8360,0,0,0
3,1,0,8370,0,0,1
8,0,0,8380,0,0,0
15,0,1,8390,0,0,0
2,0,0,8400,0,0,0
4,1,0,8410,0,0,1
14,0,1,8420,0,0,0
14,1,0,8430,0,0,1
8,0,1,8440,0,0,0
10,0,1,8450,0,0,0
14,1,0,8460,0,0,1
1,0,1,8470,0,0,0
1,0,0,8480,0,0,0
1,0,1,8490,0,0,0
9,0,0,8500,0,0,0
15,0,0,8510,0,0,0
7,1,0,8520,0,0,1
2,1,1,8530,0,0,1
8,1,0,8540,0,0,1
2,1,1,8550,0,0,1
3,1,1,8560,0,0,1
9,1,0,8570,0,0,1
3,0,0,8580,0,0,0
8,0,0,8590,0,0,0
1,0,1,8600,0,0,0
3,0,0,8610,0,0,0
3,0,1,8620,0,0,0
6,0,1,8630,0,0,0
1,0,0,8640,0,0,0
0,0,1,8650,0,0,0
8,0,0,8660,0,0,0
11,0,0,8670,0,0,0
9,1,0,8680,0,0,1
15,0,0,8690,0,0,0
10,1,1,8700,0,0,0
9,1,0,8710,0,0,1
0,0,1,8720,0,0,0
13,0,1,8730,0,0,0
7,0,1,8740,0,0,0
14,0,1,8750,0,0,0
6,0,1,8760,0,0,0
11,0,0,8770,0,0,0
3,1,0,8780,0,0,1
12,0,0,8790,0,0,0
0,1,1,8800,0,0,1
11,0,1,8810,0,0,0
9,1,1,8820,0,0,0
6,1,0,8830,0,0,1
12,0,0,8840,0,0,0
10,1,1,8850,0,0,0
5,1,1,8860,0,0,0
11,0,0,8870,0,0,0
6,0,1,8880,0,0,0
0,0,1,8890,0,0,0
14,1,0,8900,0,0,1
4,0,1,8910,0,0,0
2,1,0,8920,0,0,1
2,1,0,8930,0,0,1
5,1,0,8940,0,0,1
13,0,0,8950,0,0,0
4,0,0,8960,0,0,0
15,0,0,8970,0,0,0
11,0,0,8980,0,0,0
9,1,1,8990,0,0,0
9,1,1,9000,0,0,1
5,0,1,9010,0,0,0
11,0,0,9020,0,0,0
1,1,0,9030,0,0,1
13,1,0,9040,0,0,1
8,1,1,9050,0,0,0
14,0,1,9060,0,0,0
0,0,1,9070,0,0,0
10,0,1,9080,0,0,0
5,1,0,9090,0,0,1
9,1,1,9100,0,0,1
13,1,1,9110,0,0,0
6,1,1,9120,0,0,0
3,0,0,9130,0,0,0
5,1,1,9140,0,0,0
1,1,0,9150,0,0,1
14,1,1,9160,0,0,0
12,0,0,9170,0,0,0
3,1,1,9180,0,0,1
2,0,0,9190,0,0,0
4,0,1,9200,0,0,0
15,0,1,9210,0,0,0
15,1,0,9220,0,0,1
5,0,0,9230,0,0,0
12,1,0,9240,0,0,1
6,1,0,9250,0,0,1
2,1,1,9260,0,0,0
1,1,0,9270,0,0,1
10,1,0,9280,0,0,1
5,1,0,9290,0,0,1
3,1,1,9300,0,0,1
2,1,1,9310,0,0,1
2,1,1,9320,0,0,1
14,1,1,9330,0,0,0
9,0,1,9340,0,0,0
1,0,1,9350,0,0,0
13,1,1,9360,0,0,1
0,1,0,9370,0,0,1
4,0,1,9380,0,0,0
3,0,0,9390,0,0,0
11,1,0,9400,0,0,1
6,0,0,9410,0,0,0
8,0,1,9420,0,0,0
9,0,1,9430,0,0,0
1,1,0,9440,0,0,1
15,1,1,9450,0,0,0
10,0,1,9460,0,0,0
9,0,0,9470,0,0,0
4,1,0,9480,0,0,1
8,0,1,9490,0,0,0
13,0,1,9500,0,0,0
6,1,1,9510,0,0,0
2,0,0,9520,0,0,0
5,0,1,9530,0,0,0
2,1,0,9540,0,0,1
1,1,0,9550,0,0,1
6,1,1,9560,0,0,1
5,0,0,9570,0,0,0
11,1,1,9580,0,0,0
0,1,1,9590,0,0,0
14,0,1,9600,0,0,0
7,0,0,9610,0,0,0
11,1,0,9620,0,0,1
2,0,0,9630,0,0,0
0,1,1,9640,0,0,0
1,0,1,9650,0,0,0
15,0,1,9660,0,0,0
2,1,0,9670,0,0,1
9,0,1,9680,0,0,0
4,1,0,9690,0,0,1
8,0,0,9700,0,0,0
15,1,1,9710,0,0,0
13,1,0,9720,0,0,1
13,1,1,9730,0,0,1
12,1,0,9740,0,0,1
12,0,0,9750,0,0,0
15,0,1,9760,0,0,0
4,0,1,9770,0,0,0
9,0,0,9780,0,0,0
4,1,1,9790,0,0,0
7,0,0,9800,0,0,0
5,1,0,9810,0,0,1
1,1,0,9820,0,0,1
11,0,1,9830,0,0,0
2,0,0,9840,0,0,0
5,1,1,9850,0,0,0
4,0,1,9860,0,0,0
12,1,1,9870,0,0,0
13,0,0,9880,0,0,0
2,1,0,9890,0,0,1
9,1,0,9900,0,0,1
8,1,1,9910,0,0,0
8,0,1,9920,0,0,0
4,1,1,9930,0,0,0
13,0,0,9940,0,0,0
2,1,1,9950,0,0,0
2,1,0,9960,0,0,1
5,0,0,9970,0,0,0
10,1,1,9980,0,0,0
1,1,0,9990,0,0,1
2,1,0,10000,0,0,1
13,0,0,10010,0,0,0
10,1,1,10020,0,0,1
0,1,0,10030,0,0,1
15,0,1,10040,0,0,0
1,0,0,10050,0,0,0
12,1,0,10060,0,0,1
6,1,0,10070,0,0,1
4,1,0,10080,0,0,1
4,0,1,10090,0,0,0
1,1,1,10100,0,0,0
11,1,1,10110,0,0,1
14,1,0,10120,0,0,1
10,1,0,10130,0,0,1
8,0,1,10140,0,0,0
14,0,0,10150,0,0,0
8,1,0,10160,0,0,1
7,0,0,10170,0,0,0
2,1,1,10180,0,0,0
3,0,1,10190,0,0,0
14,1,1,10200,0,0,1
8,0,1,10210,0,0,0
15,1,0,10220,0,0,1
10,0,0,10230,0,0,0
12,0,1,10240,0,0,0
4,0,0,10250,0,0,0
9,0,0,10260,0,0,0
6,0,0,10270,0,0,0
4,0,1,10280,0,0,0
15,1,0,10290,0,0,1
5,1,1,10300,0,0,0
15,0,0,10310,0,0,0
2,1,0,10320,0,0,1
11,0,0,10330,0,0,0
15,0,1,10340,0,0,0
11,1,1,10350,0,0,0
12,0,0,10360,0,0,0
14,1,0,10370,0,0,1
6,1,0,10380,0,0,1
15,0,1,10390,0,0,0
11,1,1,10400,0,0,0
5,0,0,10410,0,0,0
7,1,0,10420,0,0,1
7,0,1,10430,0,0,0
2,0,0,10440,0,0,0
8,1,1,10450,0,0,1
0,1,0,10460,0,0,1
3,1,1,10470,0,0,0
10,1,0,10480,0,0,1
10,0,1,10490,0,0,0
13,0,1,10500,0,0,0
2,1,1,10510,0,0,0
0,0,1,10520,0,0,0
0,0,1,10530,0,0,0
8,0,0,10540,0,0,0
9,1,1,10550,0,0,1
13,0,1,10560,0,0,0
2,0,1,10570,0,0,0
15,0,0,10580,0,0,0
5,0,1,10590,0,0,0
9,1,0,10600,0,0,1
10,0,0,10610,0,0,0
13,1,1,10620,0,0,0
6,0,0,10630,0,0,0
15,0,0,10640,0,0,0
14,1,1,10650,0,0,0
15,0,0,10660,0,0,0
13,1,1,10670,0,0,1
1,0,1,10680,0,0,0
9,0,1,10690,0,0,0
1,0,0,10700,0,0,0
5,1,0,10710,0,0,1
2,1,1,10720,0,0,0
10,1,1,10730,0,0,1
2,1,0,10740,0,0,1
8,1,0,10750,0,0,1
0,1,0,10760,0,0,1
3,1,1,10770,0,0,1
7,0,1,10780,0,0,0
12,1,0,10790,0,0,1
15,0,0,10800,0,0,0
4,0,0,10810,0,0,0
14,0,1,10820,0,0,0
15,1,0,10830,0,0,1
15,1,0,10840,0,0,1
15,0,1,10850,0,0,0
9,0,1,10860,0,0,0
0,0,0,10870,0,0,0
13,1,0,10880,0,0,1
0,1,0,10890,0,0,1
6,0,0,10900,0,0,0
2,1,1,10910,0,0,1
4,0,0,10920,0,0,0
0,0,0,10930,0,0,0
5,0,1,10940,0,0,0
3,1,1,10950,0,0,1
8,0,1,10960,0,0,0
13,0,1,10970,0,0,0
6,0,1,10980,0,0,0
2,1,0,10990,0,0,1
8,1,0,11000,0,0,1
2,0,1,11010,0,0,0
4,0,0,11020,0,0,0
4,1,1,11030,0,0,0
2,1,0,11040,0,0,1
13,0,0,11050,0,0,0
0,0,0,11060,0,0,0
14,0,0,11070,0,0,0
9,1,1,11080,1,0,0
10,1,1,11090,1,0,0
3,1,1,11100,1,0,0
5,0,1,11110,1,0,0
6,1,1,11120,1,0,0
4,0,0,11130,1,0,0
15,1,0,11140,1,0,0
4,1,0,11150,1,0,0
3,1,0,11160,1,0,0
9,0,1,11170,1,0,0
6,0,0,11180,1,0,0
0,0,0,11190,1,0,0
0,1,1,11200,1,0,0
6,0,0,11210,1,0,0
14,0,1,11220,1,0,0
8,1,1,11230,1,0,0
2,0,0,11240,1,0,0
5,0,0,11250,1,0,0
2,1,0,11260,1,0,0
2,1,0,11270,1,0,0
13,1,0,11280,1,0,0
5,0,0,11290,1,0,0
11,1,1,11300,1,0,0
12,0,0,11310,1,0,0
15,0,0,11320,1,0,0
5,1,1,11330,1,0,0
15,0,0,11340,1,0,0
1,0,0,11350,1,0,0
15,1,0,11360,1,0,0
10,1,1,11370,1,0,0
9,1,0,11380,1,0,0
7,1,1,11390,1,0,0
5,0,1,11400,1,0,0
3,1,1,11410,1,0,0
12,0,1,11420,1,0,0
10,1,1,11430,1,0,0
2,0,1,11440,1,0,0
9,0,1,11450,1,0,0
8,1,1,11460,1,0,0
9,1,1,11470,1,0,0
11,1,1,11480,1,0,0
1,0,0,11490,1,0,0
0,1,1,11500,1,0,0
3,0,1,11510,1,0,0
12,0,1,11520,1,0,0
10,1,1,11530,1,0,0
12,0,1,11540,1,0,0
15,1,1,11550,1,0,0
0,0,1,11560,1,0,0
15,0,0,11570,1,0,0
3,0,1,11580,1,0,0
4,1,0,11590,1,0,0
12,1,0,11600,1,0,0
10,1,1,11610,1,0,0
11,1,1,11620,1,0,0
1,0,1,11630,1,0,0
7,1,1,11640,1,0,0
7,0,0,11650,1,0,0
3,1,1,11660,1,0,0
15,1,1,11670,1,0,0
7,0,0,11680,1,0,0
5,0,0,11690,1,0,0
10,1,0,11700,1,0,0
2,1,1,11710,1,0,0
3,0,1,11720,1,0,0
4,1,1,11730,1,0,0
2,1,0,11740,1,0,0
5,0,0,11750,1,0,0
1,1,1,11760,1,0,0
7,0,0,11770,1,0,0
6,0,0,11780,1,0,0
11,0,1,11790,1,0,0
5,1,1,11800,0,0,0
0,0,1,11810,0,0,0
8,1,1,11820,0,0,0
9,0,0,11830,0,0,0
11,0,0,11840,0,0,0
7,0,1,11850,0,0,0
0,1,0,11860,0,0,1
10,1,0,11870,0,0,1
12,1,0,11880,0,0,1
0,1,0,11890,0,0,1
11,0,1,11900,0,0,0
10,0,0,11910,0,0,0
3,1,0,11920,0,0,1
9,1,1,11930,0,0,1
13,1,1,11940,0,0,0
3,0,1,11950,0,0,0
6,0,0,11960,0,0,0
2,1,0,11970,0,0,1
3,1,1,11980,0,0,0
0,0,1,11990,0,0,0
6,0,0,12000,0,0,0
8,0,1,12010,0,0,0
15,0,0,12020,0,0,0
14,1,1,12030,0,0,1
12,1,1,12040,0,0,0
10,0,1,12050,0,0,0
1,1,1,12060,0,0,0
4,0,1,12070,0,0,0
6,1,1,12080,0,0,0
6,1,1,12090,0,0,1
4,0,1,12100,0,0,0
10,0,0,12110,0,0,0
12,1,1,12120,0,0,1
12,1,0,12130,0,0,1
1,1,0,12140,0,0,1
4,1,1,12150,0,0,0
0,0,1,12160,0,0,0
10,0,0,12170,0,0,0
6,0,0,12180,0,0,0
12,0,0,12190,0,0,0
7,1,1,12200,0,0,0
2,0,1,12210,0,0,0
10,0,1,12220,0,0,0
2,1,1,12230,0,0,0
3,1,1,12240,0,0,0
13,0,0,12250,0,0,0
6,1,1,12260,0,0,0
6,0,1,12270,0,0,0
7,1,1,12280,0,0,0
9,1,0,12290,0,0,1
1,1,1,12300,0,0,0
6,0,0,12310,0,0,0
5,0,1,12320,0,0,0
10,1,0,12330,0,0,1
12,1,1,12340,0,0,1
1,0,0,12350,0,0,0
3,1,1,12360,0,0,1
6,1,1,12370,0,0,0
13,1,1,12380,0,0,1
2,1,0,12390,0,0,1
3,1,1,12400,0,0,1
11,1,0,12410,0,0,1
7,1,0,12420,0,0,1
12,0,0,12430,0,0,0
10,0,1,12440,0,0,0
6,0,1,12450,0,0,0
15,1,1,12460,0,0,1
13,1,0,12470,0,0,1
1,1,1,12480,0,0,0
9,1,1,12490,0,0,0
8,0,1,12500,0,0,0
8,0,0,12510,0,0,0
3,0,1,12520,0,0,0
11,0,0,12530,0,0,0
9,0,0,12540,0,0,0
10,1,1,12550,0,0,0
1,0,1,12560,0,0,0
8,1,0,12570,0,0,1
8,0,0,12580,0,0,0
0,1,0,12590,0,0,1
14,0,0,12600,0,0,0
8,0,1,12610,0,0,0
5,0,1,12620,0,0,0
2,0,0,12630,0,0,0
14,1,1,12640,0,0,1
7,0,1,12650,0,0,0
6,1,1,12660,0,0,0
1,0,1,12670,0,0,0
8,0,0,12680,0,0,0
5,0,1,12690,0,0,0
4,1,1,12700,0,0,1
3,0,1,12710,0,0,0
8,1,0,12715,0,0,1
10,1,0,12725,0,0,1
13,1,0,12735,0,0,1
1,0,1,12745,0,0,0
5,0,1,12755,0,0,0
0,0,0,12765,0,0,0
1,1,1,12775,0,0,1
11,1,1,12785,0,0,0
7,0,1,12795,0,0,0
10,0,1,12805,0,0,0
0,1,1,12815,0,0,0
15,0,1,12825,0,0,0
13,1,1,12835,0,0,0
9,0,0,12845,0,0,0
11,0,0,12855,0,0,0
2,0,0,12865,0,0,0
3,1,1,12875,0,0,1
14,1,1,12885,0,0,1
9,1,0,12895,0,0,1
3,0,1,12905,0,0,0
5,0,1,12915,0,0,0
12,0,0,12925,0,0,0
9,1,1,12935,0,0,0
1,1,0,12945,0,0,1
11,1,0,12955,0,0,1
14,1,0,12965,0,0,1
13,1,1,12975,0,0,1
8,0,1,12985,0,0,0
10,1,0,12995,0,0,1
10,0,1,13005,0,0,0
15,1,1,13015,0,0,0
1,1,0,13025,0,0,1
12,1,0,13035,0,0,1
0,1,1,13045,0,0,1
11,1,0,13055,0,0,1
14,0,1,13065,0,0,0
4,0,1,13075,0,0,0
4,1,0,13085,0,0,1
5,1,1,13095,0,0,1
5,0,0,13105,0,0,0
12,0,1,13115,0,0,0
10,1,0,13125,0,0,1
14,1,0,13135,0,0,1
1,1,1,13145,0,0,0
7,0,0,13155,0,0,0
1,1,1,13165,0,0,0
5,1,1,13175,0,0,0
13,1,0,13185,0,0,1
9,0,0,13195,0,0,0
10,1,0,13205,0,0,1
3,1,0,13215,0,0,1
13,1,1,13225,0,0,0
14,1,0,13235,0,0,1
15,0,1,13245,0,0,0
3,1,0,13255,0,0,1
5,1,0,13265,0,0,1
15,0,0,13275,0,0,0
14,1,1,13285,0,0,0
2,1,0,13295,0,0,1
10,1,1,13305,0,0,1
1,0,1,13315,0,0,0
5,1,1,13325,0,0,0
4,1,1,13335,0,0,1
1,0,1,13345,0,0,0
12,0,1,13355,0,0,0
4,0,1,13365,0,0,0
4,0,1,13375,0,0,0
10,0,0,13385,0,0,0
15,0,0,13395,0,0,0
9,0,0,13405,0,0,0
12,0,0,13415,0,0,0
13,1,1,13425,0,0,0
15,0,1,13435,0,0,0
13,0,0,13445,0,0,0
3,1,1,13455,0,0,0
4,1,1,13465,0,0,0
14,1,0,13475,0,0,1
7,1,0,13485,0,0,1
9,1,0,13495,0,0,1
7,0,1,13505,0,0,0
7,1,1,13515,0,0,0
6,1,1,13525,0,0,1
5,1,1,13535,0,0,0
12,0,0,13545,0,0,0
15,0,0,13555,0,0,0
1,1,0,13565,0,0,1
1,1,1,13575,0,0,0
10,1,0,13585,0,0,1
11,1,1,13595,0,0,0
0,1,0,13605,0,0,1
13,0,1,13615,0,0,0
1,0,0,13625,0,0,0
14,1,0,13635,0,0,1
10,0,0,13645,0,0,0
11,1,0,13655,0,0,1
5,1,0,13665,0,0,1
7,0,0,13675,0,0,0
11,1,0,13685,0,0,1
13,0,1,13695,0,0,0
10,1,1,13705,0,0,1
9,0,1,13715,0,0,0
6,1,0,13725,0,0,1
9,1,0,13735,0,0,1
7,1,0,13745,0,0,1
13,1,0,13755,0,0,1
14,1,1,13765,0,0,1
15,1,1,13775,0,0,1
9,1,0,13785,0,0,1
1,1,1,13795,0,0,1
11,0,1,13805,0,0,0
6,0,0,13815,0,0,0
12,0,0,13825,0,0,0
1,0,0,13835,0,0,0
15,1,0,13845,0,0,1
3,0,0,13855,0,0,0
1,0,1,13865,0,0,0
13,0,0,13875,0,0,0
11,0,1,13885,0,0,0
8,1,0,13895,0,0,1
13,0,0,13905,0,0,0
13,1,1,13915,0,0,1
8,1,0,13925,0,0,1
3,1,0,13935,0,0,1
6,0,1,13945,0,0,0
1,0,1,13955,0,0,0
12,1,1,13965,0,0,0
6,0,1,13975,0,0,0
8,0,1,13985,0,0,0
4,0,0,13995,0,0,0
14,1,1,14005,0,0,1
8,1,1,14015,0,0,1
0,1,0,14025,0,0,1
15,1,0,14035,0,0,1
15,0,1,14045,0,0,0
0,0,0,14055,0,0,0
8,1,0,14065,0,0,1
4,0,0,14075,0,0,0
10,1,0,14085,0,0,1
5,0,1,14095,0,0,0
12,0,0,14105,0,0,0
10,1,1,14115,0,0,1
10,0,0,14125,0,0,0
12,0,0,14135,0,0,0
4,1,0,14145,0,0,1
0,1,0,14155,0,0,1
2,0,1,14165,0,0,0
0,1,0,14175,0,0,1
5,1,0,14185,0,0,1
3,1,1,14195,0,0,1
5,1,0,14205,0,0,1
5,0,0,14215,0,0,0
12,1,1,14225,0,0,0
3,1,1,14235,0,0,1
13,1,0,14245,0,0,1
13,1,0,14255,0,0,1
12,0,0,14265,0,0,0
2,1,0,14275,0,0,1
12,0,0,14285,0,0,0
1,1,1,14295,0,0,0
7,1,0,14305,0,0,1
15,1,1,14315,0,0,1
10,1,1,14325,0,0,1
1,0,0,14335,0,0,0
2,1,1,14345,0,0,1
3,0,0,14355,0,0,0
7,0,0,14365,0,0,0
3,1,1,14375,0,0,0
1,0,0,14385,0,0,0
0,1,0,14395,0,0,1
4,0,1,14405,0,0,0
1,0,1,14415,0,0,0
9,1,0,14425,0,0,1
8,0,1,14435,0,0,0
5,0,0,14445,0,0,0
14,1,1,14455,0,0,0
0,1,0,14465,0,0,1
2,0,1,14475,0,0,0
8,0,0,14485,0,0,0
3,0,1,14495,0,0,0
0,0,0,14505,0,0,0
3,0,1,14515,0,0,0
8,1,1,14525,0,0,0
10,1,0,14535,0,0,1
4,0,0,14545,0,0,0
6,0,1,14555,0,0,0
2,0,0,14565,0,0,0
10,1,1,14575,0,0,0
14,0,1,14585,0,0,0
0,0,0,14595,0,0,0
4,1,0,14605,0,0,1
14,0,1,14615,0,0,0
8,0,0,14625,0,0,0
6,0,0,14635,0,0,0
11,0,1,14645,0,0,0
10,0,1,14655,0,0,0
14,1,0,14665,0,0,1
13,0,1,14675,0,0,0
9,0,0,14685,0,0,0
14,1,0,14695,0,0,1
12,1,0,14705,0,0,1
6,0,0,14715,0,0,0
15,0,0,14725,0,0,0
14,0,0,14735,0,0,0
1,0,1,14745,0,0,0
15,1,1,14755,0,0,0
4,0,0,14765,0,0,0
11,0,0,14775,0,0,0
7,1,1,14785,0,0,0
6,0,1,14795,0,0,0
4,1,0,14805,0,0,1
14,1,0,14815,0,0,1
13,1,1,14825,0,0,1
1,0,0,14835,0,0,0
8,0,0,14845,0,0,0
10,0,0,14855,0,0,0
13,0,1,14865,0,0,0
5,1,1,14875,0,0,1
10,1,1,14885,0,0,0
7,0,0,14895,0,0,0
10,0,0,14905,0,0,0
11,0,1,14915,0,0,0
5,0,1,14925,0,0,0
7,0,1,14935,0,0,0
14,1,0,14945,0,0,1
9,1,1,14955,0,0,1
9,1,1,14965,0,0,0
10,1,0,14975,0,0,1
3,0,0,14985,0,0,0
7,1,1,14995,0,0,0
12,1,1,15005,0,0,0
6,1,1,15015,0,0,0
9,0,1,15025,0,0,0
3,1,1,15035,0,0,0
0,0,0,15045,0,0,0
9,1,1,15055,0,0,0
2,1,0,15065,0,0,1
3,0,1,15075,0,0,0
13,1,1,15085,0,0,0
1,1,0,15095,0,0,1
6,1,1,15105,0,0,0
11,0,0,15115,0,0,0
4,0,1,15125,0,0,0
1,0,0,15135,0,0,0
1,1,0,15145,0,0,1
5,0,0,15155,0,0,0
10,0,0,15165,0,0,0
6,0,0,15175,0,0,0
11,1,0,15185,0,0,1
10,0,0,15195,0,0,0
12,0,0,15205,0,0,0
5,0,1,15215,0,0,0
4,0,1,15225,0,0,0
5,0,0,15235,0,0,0
1,1,1,15245,0,0,0
6,0,0,15255,0,0,0
0,0,0,15265,0,0,0
5,1,1,15275,0,0,1
12,0,1,15285,0,0,0
13,0,1,15295,0,0,0
0,0,0,15305,0,0,0
11,0,1,15315,0,0,0
9,0,0,15325,0,0,0
6,0,1,15335,0,0,0
15,0,0,15345,0,0,0
8,1,0,15355,0,0,1
4,1,0,15365,0,0,1
14,0,0,15375,0,0,0
13,1,0,15385,0,0,1
10,0,1,15395,0,0,0
9,0,0,15405,0,0,0
3,1,0,15415,0,0,1
10,0,0,15425,0,0,0
13,1,1,15435,0,0,0
10,1,0,15445,0,0,1
3,0,1,15455,0,0,0
14,0,0,15465,0,0,0
2,1,1,15475,0,0,1
3,1,0,15485,0,0,1
15,0,0,15495,0,0,0
6,0,1,15505,0,0,0
1,1,1,15515,0,0,0
14,0,1,15525,0,0,0
10,0,1,15535,0,0,0
11,0,0,15545,0,0,0
11,1,1,15555,0,0,1
1,0,0,15565,0,0,0
7,1,1,15575,0,0,0
12,0,1,15585,0,0,0
3,0,1,15595,0,0,0
14,1,0,15605,0,0,1
11,0,1,15615,0,0,0
0,0,0,15625,0,0,0
15,1,1,15635,0,0,0
0,0,1,15645,0,0,0
13,1,0,15655,0,0,1
4,0,1,15665,0,0,0
12,0,1,15675,0,0,0
7,0,1,15685,0,0,0
2,1,0,15695,0,0,1
6,0,1,15705,0,0,0
3,1,1,15715,0,0,0
9,0,0,15725,0,0,0
15,0,0,15735,0,0,0
2,0,0,15745,0,0,0
15,1,1,15755,0,0,1
11,1,0,15765,0,0,1
5,1,1,15775,0,0,0
10,1,1,15785,0,0,0
9,0,0,15795,0,0,0
7,1,1,15805,0,0,0
12,1,0,15815,0,0,1
15,1,1,15825,0,0,1
6,1,0,15835,0,0,1
1,1,1,15845,0,0,0
0,1,0,15855,0,0,1
1,1,1,15865,0,0,0
7,1,1,15875,0,0,0
10,1,0,15885,0,0,1
3,1,1,15895,0,0,1
0,1,1,15905,0,0,1
4,1,0,15915,0,0,1
4,1,0,15925,0,0,1
12,1,0,15935,0,0,1
11,1,0,15945,0,0,1
5,1,0,15955,0,0,1
12,1,1,15965,0,0,0
9,1,1,15975,0,0,0
1,0,0,15985,0,0,0
4,0,0,15995,0,0,0
5,1,0,16005,0,0,1
2,0,0,16015,0,0,0
0,0,0,16025,0,0,0
8,1,0,16035,0,0,1
14,1,1,16045,0,0,1
6,0,1,16055,0,0,0
7,1,1,16065,0,0,0
1,0,0,16075,0,0,0
13,1,0,16085,0,0,1
7,1,1,16095,0,0,0
8,1,1,16105,0,0,0
4,0,0,16115,0,0,0
5,0,0,16125,0,0,0
0,1,0,16135,0,0,1
4,1,0,16145,0,0,1
8,1,1,16155,0,0,0
2,1,1,16165,0,0,0
14,0,0,16175,0,0,0
14,0,1,16185,0,0,0
13,0,1,16195,0,0,0
15,1,0,16205,0,0,1
13,1,0,16215,0,0,1
13,0,1,16225,0,0,0
0,0,1,16235,0,0,0
3,1,1,16245,0,0,0
1,1,1,16255,0,0,0
0,0,1,16265,0,0,0
7,1,1,16275,0,0,0
13,0,0,16285,0,0,0
8,1,1,16295,0,0,0
8,1,1,16305,0,0,0
2,0,0,16315,0,0,0
8,1,0,16325,0,0,1
5,1,0,16335,0,0,1
14,0,1,16345,0,0,0
13,1,0,16355,0,0,1
9,0,0,16365,0,0,0
9,0,0,16375,0,0,0
15,1,0,16385,0,0,1
3,1,0,16395,0,0,1
5,0,0,16405,0,0,0
15,0,1,16415,0,0,0
5,0,0,16425,0,0,0
3,1,1,16435,0,0,0
4,1,1,16445,0,0,1
15,0,1,16455,0,0,0
8,1,1,16465,0,0,0
15,1,1,16475,0,0,1
5,1,1,16485,0,0,1
8,0,1,16495,0,0,0
7,0,0,16505,0,0,0
6,1,1,16515,0,0,0
11,0,1,16525,0,0,0
2,1,1,16535,0,0,0
13,0,1,16545,0,0,0
4,0,1,16555,0,0,0
4,1,0,16565,0,0,1
4,0,1,16575,0,0,0
5,1,0,16585,0,0,1
2,0,1,16595,0,0,0
9,1,0,16605,0,0,1
5,0,0,16615,0,0,0
10,0,0,16625,0,0,0
7,1,1,16635,0,0,0
4,0,1,16645,0,0,0
2,1,1,16655,0,0,1
11,1,1,16665,0,0,0
8,0,0,16675,0,0,0
7,0,0,16685,0,0,0
11,0,1,16695,0,0,0
4,0,0,16705,0,0,0
12,0,1,16715,0,0,0
2,0,0,16725,0,0,0
15,0,0,16735,0,0,0
6,1,0,16745,0,0,1
11,0,1,16755,0,0,0
3,0,1,16765,0,0,0
3,0,1,16775,0,0,0
8,0,1,16785,0,0,0
13,1,0,16795,0,0,1
2,0,1,16805,0,0,0
14,1,0,16815,0,0,1
2,0,0,16825,0,0,0
13,0,0,16835,0,0,0
6,1,0,16845,0,0,1
5,0,0,16855,0,0,0
7,0,1,16865,0,0,0
13,1,0,16875,0,0,1
11,1,1,16885,0,0,0
6,0,1,16895,0,0,0
0,0,1,16905,0,0,0
10,0,0,16915,0,0,0
3,0,0,16925,0,0,0
2,0,1,16935,0,0,0
12,0,0,16945,0,0,0
8,0,1,16955,0,0,0
4,0,1,16965,0,0,0
1,1,1,16975,0,0,0
0,0,1,16985,0,0,0
3,0,0,16995,0,0,0
2,0,0,17005,0,0,0
10,0,1,17015,0,0,0
12,0,1,17025,0,0,0
0,1,0,17035,0,0,1
15,1,0,17045,0,0,1
8,0,1,17055,0,0,0
10,0,0,17065,0,0,0
3,1,1,17075,0,0,1
4,1,1,17085,0,0,1
5,1,1,17095,0,0,1
14,0,1,17105,0,0,0
0,1,0,17115,0,0,1
5,1,0,17125,0,0,1
7,0,0,17135,0,0,0
14,1,0,17145,0,0,1
1,1,1,17155,0,0,0
7,0,0,17165,0,0,0
11,0,0,17175,0,0,0
10,0,0,17185,0,0,0
7,0,0,17195,0,0,0
13,0,0,17205,0,0,0
8,1,1,17215,0,0,0
13,1,0,17225,0,0,1
1,1,1,17235,0,0,0
2,0,0,17245,0,0,0
9,0,1,17255,0,0,0
10,1,1,17265,0,0,0
4,0,0,17275,0,0,0