pessoas,maquinas,vazao_total,vazao_1,sensor_p1,vazao_2,sensor_p2,vazao_3,sensor_p3,vazamento,t_seg,hora
0,4,0.36,0.11,0,0.13,0,0.13,0,0,30,00:00:30
0,2,0.16,0.05,0,0.06,0,0.05,0,0,90,00:01:30
0,5,0.49,0.18,0,0.14,0,0.17,0,0,150,00:02:30
0,5,0.46,0.20,0,0.13,0,0.14,0,0,210,00:03:30
0,1,0.10,0.04,0,0.03,0,0.03,0,0,270,00:04:30
0,0,0.00,0.00,0,0.00,0,0.00,0,0,330,00:05:30
0,3,0.31,0.08,0,0.11,0,0.12,0,0,390,00:06:30
0,3,0.27,0.12,0,0.08,0,0.08,0,0,450,00:07:30
0,3,0.32,0.09,0,0.11,0,0.12,0,0,510,00:08:30
0,0,0.00,0.00,0,0.00,0,0.00,0,0,570,00:09:30
0,5,0.47,0.14,0,0.13,0,0.20,0,0,630,00:10:30
0,2,0.19,0.06,0,0.06,0,0.06,0,0,690,00:11:30
0,4,0.36,0.11,0,0.13,0,0.12,0,0,750,00:12:30
0,3,0.27,0.12,0,0.08,0,0.08,0,0,810,00:13:30
0,2,0.17,0.05,0,0.05,0,0.07,0,0,870,00:14:30
0,2,0.22,0.08,0,0.07,0,0.06,0,0,930,00:15:30
0,3,0.26,0.09,0,0.09,0,0.08,0,0,990,00:16:30
0,3,0.29,0.10,0,0.09,0,0.09,0,0,1050,00:17:30
0,0,0.00,0.00,0,0.00,0,0.00,0,0,1110,00:18:30
0,2,0.18,0.06,0,0.06,0,0.06,0,0,1170,00:19:30
0,1,0.09,0.03,0,0.03,0,0.03,0,0,1230,00:20:30
0,1,0.09,0.03,0,0.04,0,0.03,0,0,1290,00:21:30
0,0,0.00,0.00,0,0.00,0,0.00,0,0,1350,00:22:30
0,1,0.08,0.03,0,0.03,0,0.03,0,0,1410,00:23:30
0,0,0.00,0.00,0,0.00,0,0.00,0,0,1470,00:24:30
0,1,0.09,0.03,0,0.03,0,0.03,0,0,1530,00:25:30
0,5,0.43,0.13,0,0.17,0,0.13,0,0,1590,00:26:30
0,2,0.18,0.06,0,0.06,0,0.05,0,0,1650,00:27:30
0,5,0.41,0.13,0,0.16,0,0.13,0,0,1710,00:28:30
0,4,0.34,0.12,0,0.11,0,0.11,0,0,1770,00:29:30
0,2,0.16,0.05,0,0.06,0,0.05,0,0,1830,00:30:30
0,1,0.11,0.03,0,0.04,0,0.04,0,0,1890,00:31:30
0,1,0.09,0.03,0,0.03,0,0.03,0,0,1950,00:32:30
0,3,0.23,0.08,0,0.08,0,0.08,0,0,2010,00:33:30
0,5,0.53,0.15,0,0.20,0,0.19,0,0,2070,00:34:30
0,3,0.30,0.08,0,0.11,0,0.10,0,0,2130,00:35:30
0,4,0.38,0.10,0,0.16,0,0.12,0,0,2190,00:36:30
0,2,0.19,0.06,0,0.06,0,0.06,0,0,2250,00:37:30
0,4,0.40,0.13,0,0.16,0,0.11,0,0,2310,00:38:30
0,2,0.19,0.05,0,0.08,0,0.06,0,0,2370,00:39:30
0,2,0.19,0.07,0,0.06,0,0.06,0,0,2430,00:40:30
0,2,0.17,0.05,0,0.06,0,0.05,0,0,2490,00:41:30
0,2,0.18,0.06,0,0.06,0,0.05,0,0,2550,00:42:30
0,2,0.21,0.07,0,0.07,0,0.06,0,0,2610,00:43:30
0,4,0.38,0.11,0,0.14,0,0.13,0,0,2670,00:44:30
0,5,0.45,0.15,0,0.15,0,0.15,0,0,2730,00:45:30
0,1,0.08,0.03,0,0.03,0,0.03,0,0,2790,00:46:30
0,3,0.31,0.09,0,0.11,0,0.11,0,0,2850,00:47:30
0,3,0.26,0.09,0,0.08,0,0.09,0,0,2910,00:48:30
0,2,0.19,0.05,0,0.07,0,0.06,0,0,2970,00:49:30
0,2,0.19,0.06,0,0.07,0,0.06,0,0,3030,00:50:30
0,5,0.46,0.13,0,0.19,0,0.15,0,0,3090,00:51:30
0,0,0.00,0.00,0,0.00,0,0.00,0,0,3150,00:52:30
0,0,0.00,0.00,0,0.00,0,0.00,0,0,3210,00:53:30
0,1,0.09,0.03,0,0.04,0,0.03,0,0,3270,00:54:30
0,2,0.21,0.06,0,0.08,0,0.07,0,0,3330,00:55:30
0,0,0.00,0.00,0,0.00,0,0.00,0,0,3390,00:56:30
0,5,0.50,0.19,0,0.19,0,0.13,0,0,3450,00:57:30
0,2,0.21,0.08,0,0.06,0,0.07,0,0,3510,00:58:30
0,1,0.10,0.04,0,0.03,0,0.03,0,0,3570,00:59:30
0,4,0.36,0.13,0,0.13,0,0.10,0,0,3630,01:00:30
0,3,0.26,0.08,0,0.08,0,0.10,0,0,3690,01:01:30
0,0,0.00,0.00,0,0.00,0,0.00,0,0,3750,01:02:30
0,4,0.34,0.11,0,0.10,0,0.14,0,0,3810,01:03:30
0,0,0.00,0.00,0,0.00,0,0.00,0,0,3870,01:04:30
0,3,0.30,0.10,0,0.08,0,0.12,0,0,3930,01:05:30
0,1,0.10,0.04,0,0.03,0,0.04,0,0,3990,01:06:30
0,1,0.09,0.03,0,0.03,0,0.03,0,0,4050,01:07:30
0,0,0.00,0.00,0,0.00,0,0.00,0,0,4110,01:08:30
0,5,0.43,0.13,0,0.17,0,0.13,0,0,4170,01:09:30
0,3,0.27,0.09,0,0.08,0,0.10,0,0,4230,01:10:30
0,4,0.44,0.14,0,0.15,0,0.14,0,0,4290,01:11:30
0,5,0.40,0.14,0,0.14,0,0.13,0,0,4350,01:12:30
0,5,0.51,0.19,0,0.16,0,0.16,0,0,4410,01:13:30
0,5,0.44,0.16,0,0.13,0,0.16,0,0,4470,01:14:30
0,4,0.37,0.11,0,0.15,0,0.11,0,0,4530,01:15:30
0,5,0.51,0.20,0,0.13,0,0.19,0,0,4590,01:16:30
0,5,0.44,0.14,0,0.13,0,0.17,0,0,4650,01:17:30
0,4,0.41,0.15,0,0.11,0,0.14,0,0,4710,01:18:30
0,5,0.46,0.19,0,0.13,0,0.15,0,0,4770,01:19:30
0,3,0.24,0.08,0,0.08,0,0.08,0,0,4830,01:20:30
0,1,0.10,0.03,0,0.03,0,0.04,0,0,4890,01:21:30
0,3,0.27,0.10,0,0.09,0,0.08,0,0,4950,01:22:30
0,2,0.20,0.06,0,0.07,0,0.07,0,0,5010,01:23:30
0,3,0.25,0.09,0,0.09,0,0.08,0,0,5070,01:24:30
0,0,0.00,0.00,0,0.00,0,0.00,0,0,5130,01:25:30
0,5,0.44,0.17,0,0.13,0,0.15,0,0,5190,01:26:30
0,3,0.27,0.09,0,0.09,0,0.09,0,0,5250,01:27:30
0,3,0.27,0.09,0,0.08,0,0.10,0,0,5310,01:28:30
0,0,0.00,0.00,0,0.00,0,0.00,0,0,5370,01:29:30
0,0,0.00,0.00,0,0.00,0,0.00,0,0,5430,01:30:30
0,5,0.46,0.13,0,0.17,0,0.16,0,0,5490,01:31:30
0,0,0.00,0.00,0,0.00,0,0.00,0,0,5550,01:32:30
0,4,0.37,0.13,0,0.11,0,0.13,0,0,5610,01:33:30
0,3,0.31,0.12,0,0.09,0,0.10,0,0,5670,01:34:30
0,4,0.37,0.16,0,0.10,0,0.11,0,0,5730,01:35:30
0,0,0.00,0.00,0,0.00,0,0.00,0,0,5790,01:36:30
0,5,0.46,0.19,0,0.14,0,0.14,0,0,5850,01:37:30
0,5,0.41,0.13,0,0.15,0,0.14,0,0,5910,01:38:30
0,4,0.41,0.16,0,0.12,0,0.13,0,0,5970,01:39:30
0,3,0.24,0.09,0,0.08,0,0.08,0,0,6030,01:40:30
0,3,0.29,0.09,0,0.09,0,0.12,0,0,6090,01:41:30
0,3,0.27,0.08,0,0.10,0,0.10,0,0,6150,01:42:30
0,3,0.29,0.10,0,0.09,0,0.11,0,0,6210,01:43:30
0,2,0.21,0.06,0,0.08,0,0.08,0,0,6270,01:44:30
0,4,0.44,0.15,0,0.14,0,0.15,0,0,6330,01:45:30
0,1,0.08,0.03,0,0.03,0,0.03,0,0,6390,01:46:30
0,0,0.00,0.00,0,0.00,0,0.00,0,0,6450,01:47:30
0,1,0.09,0.03,0,0.03,0,0.03,0,0,6510,01:48:30
0,1,0.08,0.03,0,0.03,0,0.03,0,0,6570,01:49:30
0,4,0.36,0.14,0,0.10,0,0.12,0,0,6630,01:50:30
0,5,0.46,0.20,0,0.13,0,0.14,0,0,6690,01:51:30
0,4,0.36,0.11,0,0.14,0,0.11,0,0,6750,01:52:30
0,2,0.19,0.05,0,0.06,0,0.07,0,0,6810,01:53:30
0,1,0.09,0.03,0,0.04,0,0.03,0,0,6870,01:54:30
0,0,0.00,0.00,0,0.00,0,0.00,0,0,6930,01:55:30
0,1,0.10,0.03,0,0.03,0,0.04,0,0,6990,01:56:30
0,3,0.30,0.08,0,0.12,0,0.10,0,0,7050,01:57:30
0,4,0.39,0.12,0,0.13,0,0.14,0,0,7110,01:58:30
0,3,0.28,0.09,0,0.10,0,0.09,0,0,7170,01:59:30
0,3,0.30,0.10,0,0.12,0,0.09,0,0,7230,02:00:30
0,0,0.00,0.00,0,0.00,0,0.00,0,0,7290,02:01:30
0,4,0.36,0.13,0,0.11,0,0.12,0,0,7350,02:02:30
0,0,0.00,0.00,0,0.00,0,0.00,0,0,7410,02:03:30
0,4,0.32,0.11,0,0.11,0,0.11,0,0,7470,02:04:30
0,3,0.31,0.12,0,0.10,0,0.09,0,0,7530,02:05:30
0,5,0.50,0.16,0,0.18,0,0.16,0,0,7590,02:06:30
0,1,0.10,0.04,0,0.03,0,0.03,0,0,7650,02:07:30
0,4,0.39,0.15,0,0.12,0,0.12,0,0,7710,02:08:30
0,3,0.28,0.10,0,0.09,0,0.09,0,0,7770,02:09:30
0,1,0.10,0.03,0,0.03,0,0.03,0,0,7830,02:10:30
0,0,0.00,0.00,0,0.00,0,0.00,0,0,7890,02:11:30
0,5,0.44,0.15,0,0.15,0,0.14,0,0,7950,02:12:30
0,2,0.17,0.06,0,0.05,0,0.05,0,0,8010,02:13:30
0,1,0.11,0.04,0,0.04,0,0.04,0,0,8070,02:14:30
0,1,0.10,0.04,0,0.03,0,0.03,0,0,8130,02:15:30
0,0,0.00,0.00,0,0.00,0,0.00,0,0,8190,02:16:30
0,3,0.30,0.11,0,0.11,0,0.08,0,0,8250,02:17:30
0,1,0.09,0.03,0,0.03,0,0.03,0,0,8310,02:18:30
0,4,0.36,0.11,0,0.15,0,0.11,0,0,8370,02:19:30
0,5,0.49,0.14,0,0.14,0,0.20,0,0,8430,02:20:30
0,2,0.18,0.07,0,0.06,0,0.05,0,0,8490,02:21:30
0,3,0.30,0.08,0,0.11,0,0.11,0,0,8550,02:22:30
0,2,0.16,0.05,0,0.06,0,0.05,0,0,8610,02:23:30
0,3,0.30,0.08,0,0.11,0,0.12,0,0,8670,02:24:30
0,1,0.09,0.03,0,0.03,0,0.03,0,0,8730,02:25:30
0,4,0.34,0.10,0,0.14,0,0.10,0,0,8790,02:26:30
0,5,0.44,0.15,0,0.15,0,0.14,0,0,8850,02:27:30
0,5,0.48,0.19,0,0.13,0,0.17,0,0,8910,02:28:30
0,4,0.38,0.13,0,0.11,0,0.13,0,0,8970,02:29:30
0,3,0.27,0.10,0,0.08,0,0.09,0,0,9030,02:30:30
0,5,0.50,0.18,0,0.19,0,0.13,0,0,9090,02:31:30
0,4,0.40,0.16,0,0.13,0,0.11,0,0,9150,02:32:30
0,2,0.15,0.05,0,0.05,0,0.05,0,0,9210,02:33:30
0,3,0.26,0.08,0,0.08,0,0.10,0,0,9270,02:34:30
0,1,0.09,0.03,0,0.03,0,0.03,0,0,9330,02:35:30
0,1,2.09,0.03,0,0.04,0,0.03,0,1,9390,02:36:30
0,4,0.44,0.15,0,0.15,0,0.15,0,0,9450,02:37:30
0,1,0.11,0.04,0,0.04,0,0.03,0,0,9510,02:38:30
0,1,0.09,0.04,0,0.03,0,0.03,0,0,9570,02:39:30
0,1,0.09,0.03,0,0.03,0,0.03,0,0,9630,02:40:30
0,4,0.34,0.11,0,0.11,0,0.12,0,0,9690,02:41:30
0,3,0.28,0.08,0,0.10,0,0.10,0,0,9750,02:42:30
0,2,0.18,0.06,0,0.06,0,0.06,0,0,9810,02:43:30
0,3,0.26,0.08,0,0.11,0,0.08,0,0,9870,02:44:30
0,2,0.19,0.06,0,0.06,0,0.08,0,0,9930,02:45:30
0,2,0.20,0.07,0,0.08,0,0.06,0,0,9990,02:46:30
0,1,0.09,0.03,0,0.03,0,0.03,0,0,10050,02:47:30
0,3,0.28,0.11,0,0.09,0,0.08,0,0,10110,02:48:30
0,3,0.25,0.08,0,0.09,0,0.08,0,0,10170,02:49:30
0,2,0.19,0.06,0,0.07,0,0.06,0,0,10230,02:50:30
0,5,0.44,0.17,0,0.13,0,0.14,0,0,10290,02:51:30
0,2,0.17,0.05,0,0.05,0,0.07,0,0,10350,02:52:30
0,4,0.39,0.14,0,0.12,0,0.13,0,0,10410,02:53:30
0,3,0.25,0.09,0,0.09,0,0.08,0,0,10470,02:54:30
0,0,0.00,0.00,0,0.00,0,0.00,0,0,10530,02:55:30
0,4,0.36,0.11,0,0.13,0,0.12,0,0,10590,02:56:30
0,3,0.28,0.10,0,0.10,0,0.08,0,0,10650,02:57:30
0,1,0.10,0.04,0,0.03,0,0.03,0,0,10710,02:58:30
0,1,0.09,0.03,0,0.03,0,0.03,0,0,10770,02:59:30
0,2,0.19,0.07,0,0.06,0,0.06,0,0,10830,03:00:30
0,1,0.09,0.03,0,0.03,0,0.04,0,0,10890,03:01:30
0,5,0.45,0.13,0,0.17,0,0.16,0,0,10950,03:02:30
0,5,0.49,0.13,0,0.18,0,0.18,0,0,11010,03:03:30
0,5,0.49,0.16,0,0.17,0,0.16,0,0,11070,03:04:30
0,4,0.37,0.15,0,0.12,0,0.10,0,0,11130,03:05:30
0,5,0.47,0.14,0,0.20,0,0.13,0,0,11190,03:06:30
0,2,0.20,0.07,0,0.07,0,0.06,0,0,11250,03:07:30
0,0,0.00,0.00,0,0.00,0,0.00,0,0,11310,03:08:30
0,2,0.19,0.06,0,0.05,0,0.07,0,0,11370,03:09:30
0,4,0.40,0.13,0,0.13,0,0.14,0,0,11430,03:10:30
0,3,0.29,0.09,0,0.08,0,0.11,0,0,11490,03:11:30
0,2,0.17,0.05,0,0.05,0,0.06,0,0,11550,03:12:30
0,5,0.49,0.16,0,0.16,0,0.17,0,0,11610,03:13:30
0,0,0.00,0.00,0,0.00,0,0.00,0,0,11670,03:14:30
0,5,0.43,0.14,0,0.13,0,0.16,0,0,11730,03:15:30
0,3,0.27,0.08,0,0.10,0,0.09,0,0,11790,03:16:30
0,3,0.30,0.10,0,0.08,0,0.12,0,0,11850,03:17:30
0,5,0.52,0.17,0,0.16,0,0.19,0,0,11910,03:18:30
0,5,0.42,0.13,0,0.15,0,0.14,0,0,11970,03:19:30
0,2,0.20,0.05,0,0.07,0,0.07,0,0,12030,03:20:30
0,4,0.38,0.15,0,0.11,0,0.13,0,0,12090,03:21:30
0,5,0.48,0.15,0,0.13,0,0.20,0,0,12150,03:22:30
0,0,0.00,0.00,0,0.00,0,0.00,0,0,12210,03:23:30
0,1,0.08,0.03,0,0.03,0,0.03,0,0,12270,03:24:30
0,2,0.20,0.08,0,0.07,0,0.06,0,0,12330,03:25:30
0,4,0.40,0.12,0,0.14,0,0.15,0,0,12390,03:26:30
0,3,0.27,0.11,0,0.09,0,0.08,0,0,12450,03:27:30
0,5,0.43,0.16,0,0.14,0,0.13,0,0,12510,03:28:30
0,3,0.26,0.09,0,0.08,0,0.09,0,0,12570,03:29:30
0,2,0.17,0.07,0,0.05,0,0.05,0,0,12630,03:30:30
0,4,0.31,0.11,0,0.10,0,0.11,0,0,12690,03:31:30
0,1,0.09,0.03,0,0.03,0,0.04,0,0,12750,03:32:30
0,2,0.16,0.05,0,0.06,0,0.06,0,0,12810,03:33:30
0,3,0.26,0.11,0,0.08,0,0.08,0,0,12870,03:34:30
0,5,0.50,0.16,0,0.19,0,0.15,0,0,12930,03:35:30
0,4,0.41,0.13,0,0.13,0,0.15,0,0,12990,03:36:30
0,0,0.00,0.00,0,0.00,0,0.00,0,0,13050,03:37:30
0,2,0.20,0.06,0,0.07,0,0.07,0,0,13110,03:38:30
0,1,0.08,0.03,0,0.03,0,0.03,0,0,13170,03:39:30
0,4,0.39,0.12,0,0.14,0,0.12,0,0,13230,03:40:30
0,2,0.20,0.08,0,0.06,0,0.06,0,0,13290,03:41:30
0,1,0.10,0.04,0,0.03,0,0.03,0,0,13350,03:42:30
0,1,0.10,0.04,0,0.03,0,0.03,0,0,13410,03:43:30
0,1,0.10,0.04,0,0.03,0,0.04,0,0,13470,03:44:30
0,2,0.22,0.08,0,0.07,0,0.06,0,0,13530,03:45:30
0,0,0.00,0.00,0,0.00,0,0.00,0,0,13590,03:46:30
0,5,0.45,0.19,0,0.13,0,0.14,0,0,13650,03:47:30
0,3,0.31,0.09,0,0.12,0,0.10,0,0,13710,03:48:30
0,4,0.43,0.15,0,0.14,0,0.14,0,0,13770,03:49:30
0,1,0.10,0.04,0,0.03,0,0.03,0,0,13830,03:50:30
0,2,0.19,0.05,0,0.07,0,0.07,0,0,13890,03:51:30
0,4,0.38,0.13,0,0.14,0,0.12,0,0,13950,03:52:30
0,4,0.36,0.15,0,0.10,0,0.11,0,0,14010,03:53:30
0,1,0.09,0.03,0,0.03,0,0.03,0,0,14070,03:54:30
0,3,0.26,0.09,0,0.09,0,0.08,0,0,14130,03:55:30
0,5,0.39,0.13,0,0.14,0,0.13,0,0,14190,03:56:30
0,3,0.29,0.11,0,0.08,0,0.10,0,0,14250,03:57:30
0,5,0.44,0.17,0,0.13,0,0.14,0,0,14310,03:58:30
0,1,0.08,0.03,0,0.03,0,0.03,0,0,14370,03:59:30
0,3,0.26,0.08,0,0.09,0,0.09,0,0,14430,04:00:30
0,0,0.00,0.00,0,0.00,0,0.00,0,0,14490,04:01:30
0,5,0.41,0.14,0,0.14,0,0.13,0,0,14550,04:02:30
0,2,0.18,0.05,0,0.06,0,0.06,0,0,14610,04:03:30
0,1,0.10,0.04,0,0.03,0,0.03,0,0,14670,04:04:30
0,2,0.20,0.06,0,0.06,0,0.08,0,0,14730,04:05:30
0,4,0.44,0.14,0,0.15,0,0.15,0,0,14790,04:06:30
0,2,0.17,0.06,0,0.07,0,0.05,0,0,14850,04:07:30
0,5,0.43,0.15,0,0.13,0,0.14,0,0,14910,04:08:30
0,4,0.41,0.12,0,0.14,0,0.15,0,0,14970,04:09:30
0,0,0.00,0.00,0,0.00,0,0.00,0,0,15030,04:10:30
0,3,0.31,0.09,0,0.10,0,0.12,0,0,15090,04:11:30
0,4,0.38,0.11,0,0.12,0,0.14,0,0,15150,04:12:30
0,2,0.18,0.06,0,0.06,0,0.06,0,0,15210,04:13:30
0,3,0.26,0.08,0,0.08,0,0.10,0,0,15270,04:14:30
0,1,0.09,0.03,0,0.03,0,0.03,0,0,15330,04:15:30
0,4,0.39,0.13,0,0.11,0,0.14,0,0,15390,04:16:30
0,5,0.49,0.20,0,0.15,0,0.14,0,0,15450,04:17:30
0,0,0.00,0.00,0,0.00,0,0.00,0,0,15510,04:18:30
0,4,0.40,0.13,0,0.14,0,0.13,0,0,15570,04:19:30
0,5,0.40,0.14,0,0.13,0,0.14,0,0,15630,04:20:30
0,5,0.41,0.13,0,0.14,0,0.14,0,0,15690,04:21:30
0,3,0.31,0.08,0,0.11,0,0.12,0,0,15750,04:22:30
0,4,0.36,0.11,0,0.11,0,0.13,0,0,15810,04:23:30
0,2,0.17,0.05,0,0.06,0,0.05,0,0,15870,04:24:30
0,5,0.47,0.13,0,0.14,0,0.19,0,0,15930,04:25:30
0,1,0.10,0.03,0,0.03,0,0.04,0,0,15990,04:26:30
0,0,0.00,0.00,0,0.00,0,0.00,0,0,16050,04:27:30
0,2,0.21,0.07,0,0.07,0,0.07,0,0,16110,04:28:30
0,2,0.20,0.07,0,0.06,0,0.07,0,0,16170,04:29:30
0,4,0.37,0.12,0,0.14,0,0.12,0,0,16230,04:30:30
0,0,0.00,0.00,0,0.00,0,0.00,0,0,16290,04:31:30
0,2,0.19,0.06,0,0.08,0,0.05,0,0,16350,04:32:30
0,5,0.49,0.13,0,0.20,0,0.16,0,0,16410,04:33:30
0,1,0.08,0.03,0,0.03,0,0.03,0,0,16470,04:34:30
0,3,0.27,0.09,0,0.08,0,0.10,0,0,16530,04:35:30
0,3,0.25,0.09,0,0.08,0,0.08,0,0,16590,04:36:30
0,3,0.27,0.09,0,0.10,0,0.08,0,0,16650,04:37:30
0,1,0.10,0.04,0,0.03,0,0.03,0,0,16710,04:38:30
0,0,0.00,0.00,0,0.00,0,0.00,0,0,16770,04:39:30
0,1,0.10,0.03,0,0.04,0,0.03,0,0,16830,04:40:30
0,3,0.28,0.09,0,0.10,0,0.09,0,0,16890,04:41:30
0,3,0.33,0.12,0,0.12,0,0.10,0,0,16950,04:42:30
0,5,0.48,0.16,0,0.17,0,0.16,0,0,17010,04:43:30
0,1,0.11,0.04,0,0.03,0,0.04,0,0,17070,04:44:30
0,3,0.29,0.09,0,0.11,0,0.08,0,0,17130,04:45:30
0,4,0.38,0.11,0,0.13,0,0.14,0,0,17190,04:46:30
0,0,0.00,0.00,0,0.00,0,0.00,0,0,17250,04:47:30
0,0,0.00,0.00,0,0.00,0,0.00,0,0,17310,04:48:30
0,0,0.00,0.00,0,0.00,0,0.00,0,0,17370,04:49:30
0,3,0.24,0.08,0,0.09,0,0.08,0,0,17430,04:50:30
0,5,0.45,0.18,0,0.14,0,0.13,0,0,17490,04:51:30
0,3,0.26,0.10,0,0.08,0,0.09,0,0,17550,04:52:30
0,1,0.09,0.03,0,0.03,0,0.04,0,0,17610,04:53:30
0,5,0.49,0.18,0,0.13,0,0.18,0,0,17670,04:54:30
0,3,0.27,0.08,0,0.10,0,0.09,0,0,17730,04:55:30
0,0,0.00,0.00,0,0.00,0,0.00,0,0,17790,04:56:30
0,0,0.00,0.00,0,0.00,0,0.00,0,0,17850,04:57:30
0,1,0.08,0.03,0,0.03,0,0.03,0,0,17910,04:58:30
0,4,0.38,0.12,0,0.11,0,0.15,0,0,17970,04:59:30
0,0,0.00,0.00,0,0.00,0,0.00,0,0,18030,05:00:30
0,1,0.09,0.03,0,0.03,0,0.03,0,0,18090,05:01:30
0,2,0.18,0.05,0,0.07,0,0.06,0,0,18150,05:02:30
0,5,0.47,0.15,0,0.17,0,0.15,0,0,18210,05:03:30
0,3,0.28,0.12,0,0.09,0,0.08,0,0,18270,05:04:30
0,5,0.51,0.19,0,0.17,0,0.15,0,0,18330,05:05:30
0,4,0.32,0.11,0,0.11,0,0.11,0,0,18390,05:06:30
0,4,0.31,0.11,0,0.10,0,0.11,0,0,18450,05:07:30
0,4,0.33,0.10,0,0.11,0,0.12,0,0,18510,05:08:30
0,0,0.00,0.00,0,0.00,0,0.00,0,0,18570,05:09:30
0,2,0.19,0.07,0,0.05,0,0.06,0,0,18630,05:10:30
0,4,0.33,0.11,0,0.11,0,0.10,0,0,18690,05:11:30
0,3,0.31,0.10,0,0.10,0,0.11,0,0,18750,05:12:30
0,1,0.09,0.03,0,0.03,0,0.04,0,0,18810,05:13:30
0,3,0.31,0.11,0,0.10,0,0.10,0,0,18870,05:14:30
0,4,0.42,0.16,0,0.11,0,0.15,0,0,18930,05:15:30
0,5,0.41,0.15,0,0.14,0,0.13,0,0,18990,05:16:30
0,2,0.17,0.06,0,0.05,0,0.06,0,0,19050,05:17:30
0,5,0.45,0.16,0,0.13,0,0.17,0,0,19110,05:18:30
0,0,0.00,0.00,0,0.00,0,0.00,0,0,19170,05:19:30
0,0,0.00,0.00,0,0.00,0,0.00,0,0,19230,05:20:30
0,4,0.35,0.13,0,0.12,0,0.10,0,0,19290,05:21:30
0,3,0.28,0.10,0,0.09,0,0.09,0,0,19350,05:22:30
0,5,0.45,0.14,0,0.15,0,0.17,0,0,19410,05:23:30
0,3,0.24,0.08,0,0.08,0,0.08,0,0,19470,05:24:30
0,1,0.08,0.03,0,0.03,0,0.03,0,0,19530,05:25:30
0,2,0.19,0.07,0,0.06,0,0.05,0,0,19590,05:26:30
0,2,0.17,0.06,0,0.06,0,0.06,0,0,19650,05:27:30
0,5,0.48,0.14,0,0.17,0,0.17,0,0,19710,05:28:30
0,0,0.00,0.00,0,0.00,0,0.00,0,0,19770,05:29:30
0,1,0.09,0.03,0,0.03,0,0.03,0,0,19830,05:30:30
0,2,0.21,0.07,0,0.07,0,0.06,0,0,19890,05:31:30
0,4,0.38,0.11,0,0.15,0,0.12,0,0,19950,05:32:30
0,1,0.10,0.03,0,0.03,0,0.04,0,0,20010,05:33:30
0,2,0.18,0.06,0,0.05,0,0.07,0,0,20070,05:34:30
0,0,0.00,0.00,0,0.00,0,0.00,0,0,20130,05:35:30
0,0,0.00,0.00,0,0.00,0,0.00,0,0,20190,05:36:30
0,5,0.51,0.15,0,0.19,0,0.16,0,0,20250,05:37:30
0,4,0.38,0.13,0,0.12,0,0.13,0,0,20310,05:38:30
0,4,0.32,0.10,0,0.10,0,0.12,0,0,20370,05:39:30
0,2,0.16,0.05,0,0.05,0,0.06,0,0,20430,05:40:30
0,2,0.17,0.05,0,0.06,0,0.06,0,0,20490,05:41:30
0,3,0.29,0.08,0,0.10,0,0.11,0,0,20550,05:42:30
0,1,0.09,0.03,0,0.03,0,0.04,0,0,20610,05:43:30
0,1,0.08,0.03,0,0.03,0,0.03,0,0,20670,05:44:30
0,5,0.52,0.18,0,0.19,0,0.16,0,0,20730,05:45:30
0,0,0.00,0.00,0,0.00,0,0.00,0,0,20790,05:46:30
0,1,0.09,0.03,0,0.03,0,0.03,0,0,20850,05:47:30
0,2,0.18,0.05,0,0.06,0,0.07,0,0,20910,05:48:30
0,3,0.29,0.09,0,0.10,0,0.09,0,0,20970,05:49:30
0,4,0.41,0.13,0,0.16,0,0.13,0,0,21030,05:50:30
0,4,0.34,0.12,0,0.11,0,0.11,0,0,21090,05:51:30
0,0,0.00,0.00,0,0.00,0,0.00,0,0,21150,05:52:30
0,0,0.00,0.00,0,0.00,0,0.00,0,0,21210,05:53:30
0,4,0.37,0.11,0,0.11,0,0.16,0,0,21270,05:54:30
0,4,0.34,0.13,0,0.10,0,0.11,0,0,21330,05:55:30
0,2,0.22,0.06,0,0.07,0,0.08,0,0,21390,05:56:30
0,3,0.28,0.08,0,0.12,0,0.08,0,0,21450,05:57:30
0,5,0.53,0.17,0,0.17,0,0.19,0,0,21510,05:58:30
0,3,0.30,0.12,0,0.08,0,0.10,0,0,21570,05:59:30
0,1,0.09,0.03,0,0.03,0,0.03,0,0,21630,06:00:30
0,1,0.09,0.03,0,0.03,0,0.03,0,0,21690,06:01:30
0,1,0.11,0.04,0,0.03,0,0.03,0,0,21750,06:02:30
0,0,0.00,0.00,0,0.00,0,0.00,0,0,21810,06:03:30
0,1,0.09,0.03,0,0.03,0,0.03,0,0,21870,06:04:30
0,3,0.27,0.10,0,0.09,0,0.08,0,0,21930,06:05:30
0,2,0.17,0.06,0,0.06,0,0.06,0,0,21990,06:06:30
0,0,0.00,0.00,0,0.00,0,0.00,0,0,22050,06:07:30
0,1,0.10,0.03,0,0.04,0,0.03,0,0,22110,06:08:30
0,1,0.09,0.03,0,0.03,0,0.03,0,0,22170,06:09:30
0,0,0.00,0.00,0,0.00,0,0.00,0,0,22230,06:10:30
0,4,0.41,0.13,0,0.15,0,0.13,0,0,22290,06:11:30
0,2,0.17,0.05,0,0.06,0,0.06,0,0,22350,06:12:30
0,4,0.39,0.14,0,0.12,0,0.13,0,0,22410,06:13:30
0,3,0.27,0.10,0,0.08,0,0.09,0,0,22470,06:14:30
0,4,0.34,0.12,0,0.11,0,0.12,0,0,22530,06:15:30
0,4,0.33,0.10,0,0.13,0,0.11,0,0,22590,06:16:30
0,5,0.50,0.17,0,0.15,0,0.19,0,0,22650,06:17:30
0,1,0.09,0.03,0,0.03,0,0.03,0,0,22710,06:18:30
0,1,0.11,0.04,0,0.04,0,0.03,0,0,22770,06:19:30
0,3,0.33,0.11,0,0.12,0,0.11,0,0,22830,06:20:30
0,4,0.36,0.15,0,0.11,0,0.11,0,0,22890,06:21:30
0,4,0.33,0.11,0,0.10,0,0.11,0,0,22950,06:22:30
0,4,0.41,0.14,0,0.11,0,0.16,0,0,23010,06:23:30
0,4,0.40,0.15,0,0.11,0,0.13,0,0,23070,06:24:30
0,3,0.28,0.12,0,0.08,0,0.08,0,0,23130,06:25:30
0,4,0.38,0.12,0,0.15,0,0.10,0,0,23190,06:26:30
0,4,0.34,0.11,0,0.13,0,0.10,0,0,23250,06:27:30
0,0,0.00,0.00,0,0.00,0,0.00,0,0,23310,06:28:30
0,1,0.10,0.03,0,0.04,0,0.03,0,0,23370,06:29:30
0,0,0.00,0.00,0,0.00,0,0.00,0,0,23430,06:30:30
0,4,0.39,0.14,0,0.13,0,0.12,0,0,23490,06:31:30
0,4,0.39,0.13,0,0.11,0,0.15,0,0,23550,06:32:30
0,0,0.00,0.00,0,0.00,0,0.00,0,0,23610,06:33:30
0,4,0.39,0.14,0,0.14,0,0.11,0,0,23670,06:34:30
0,5,0.44,0.14,0,0.18,0,0.13,0,0,23730,06:35:30
0,3,0.28,0.12,0,0.08,0,0.09,0,0,23790,06:36:30
0,0,0.00,0.00,0,0.00,0,0.00,0,0,23850,06:37:30
0,0,0.00,0.00,0,0.00,0,0.00,0,0,23910,06:38:30
0,5,0.38,0.13,0,0.13,0,0.13,0,0,23970,06:39:30
0,5,0.47,0.14,0,0.19,0,0.14,0,0,24030,06:40:30
0,2,0.17,0.05,0,0.07,0,0.06,0,0,24090,06:41:30
0,3,0.31,0.11,0,0.12,0,0.08,0,0,24150,06:42:30
0,0,0.00,0.00,0,0.00,0,0.00,0,0,24210,06:43:30
0,0,0.00,0.00,0,0.00,0,0.00,0,0,24270,06:44:30
0,4,0.39,0.12,0,0.11,0,0.16,0,0,24330,06:45:30
0,1,0.10,0.03,0,0.04,0,0.03,0,0,24390,06:46:30
0,2,0.21,0.08,0,0.08,0,0.06,0,0,24450,06:47:30
0,3,0.24,0.08,0,0.09,0,0.08,0,0,24510,06:48:30
0,0,0.00,0.00,0,0.00,0,0.00,0,0,24570,06:49:30
0,4,0.42,0.15,0,0.13,0,0.14,0,0,24630,06:50:30
0,1,0.09,0.03,0,0.03,0,0.03,0,0,24690,06:51:30
0,5,0.42,0.14,0,0.16,0,0.13,0,0,24750,06:52:30
0,1,0.10,0.03,0,0.04,0,0.03,0,0,24810,06:53:30
0,1,0.10,0.03,0,0.03,0,0.03,0,0,24870,06:54:30
0,4,0.34,0.10,0,0.11,0,0.13,0,0,24930,06:55:30
0,4,0.38,0.13,0,0.10,0,0.15,0,0,24990,06:56:30
0,5,0.50,0.13,0,0.18,0,0.19,0,0,25050,06:57:30
0,5,0.50,0.19,0,0.18,0,0.13,0,0,25110,06:58:30
0,0,0.00,0.00,0,0.00,0,0.00,0,0,25170,06:59:30
0,1,0.09,0.03,0,0.03,0,0.03,0,0,25230,07:00:30
0,2,0.19,0.08,0,0.06,0,0.05,0,0,25290,07:01:30
0,0,0.00,0.00,0,0.00,0,0.00,0,0,25350,07:02:30
0,0,0.00,0.00,0,0.00,0,0.00,0,0,25410,07:03:30
0,0,0.00,0.00,0,0.00,0,0.00,0,0,25470,07:04:30
0,1,0.10,0.04,0,0.03,0,0.03,0,0,25530,07:05:30
0,1,0.09,0.03,0,0.03,0,0.03,0,0,25590,07:06:30
0,4,0.41,0.14,0,0.15,0,0.12,0,0,25650,07:07:30
0,1,0.09,0.03,0,0.03,0,0.03,0,0,25710,07:08:30
0,0,0.00,0.00,0,0.00,0,0.00,0,0,25770,07:09:30
0,5,0.47,0.14,0,0.17,0,0.16,0,0,25830,07:10:30
0,1,0.09,0.03,0,0.03,0,0.03,0,0,25890,07:11:30
0,0,0.00,0.00,0,0.00,0,0.00,0,0,25950,07:12:30
0,2,0.19,0.05,0,0.07,0,0.07,0,0,26010,07:13:30
0,3,0.29,0.08,0,0.09,0,0.12,0,0,26070,07:14:30
0,0,0.00,0.00,0,0.00,0,0.00,0,0,26130,07:15:30
0,4,0.35,0.10,0,0.10,0,0.15,0,0,26190,07:16:30
0,0,0.00,0.00,0,0.00,0,0.00,0,0,26250,07:17:30
0,4,0.39,0.12,0,0.16,0,0.11,0,0,26310,07:18:30
0,0,0.00,0.00,0,0.00,0,0.00,0,0,26370,07:19:30
0,0,0.00,0.00,0,0.00,0,0.00,0,0,26430,07:20:30
0,5,0.43,0.16,0,0.14,0,0.13,0,0,26490,07:21:30
0,0,0.00,0.00,0,0.00,0,0.00,0,0,26550,07:22:30
0,5,0.44,0.14,0,0.16,0,0.14,0,0,26610,07:23:30
0,5,0.46,0.14,0,0.13,0,0.19,0,0,26670,07:24:30
0,3,0.29,0.09,0,0.11,0,0.10,0,0,26730,07:25:30
0,2,0.17,0.06,0,0.05,0,0.06,0,0,26790,07:26:30
0,0,0.00,0.00,0,0.00,0,0.00,0,0,26850,07:27:30
0,0,0.00,0.00,0,0.00,0,0.00,0,0,26910,07:28:30
0,4,0.40,0.14,0,0.11,0,0.15,0,0,26970,07:29:30
0,1,0.09,0.03,0,0.04,0,0.03,0,0,27030,07:30:30
0,4,0.39,0.13,0,0.14,0,0.12,0,0,27090,07:31:30
0,1,0.10,0.04,0,0.03,0,0.03,0,0,27150,07:32:30
0,2,0.16,0.05,0,0.05,0,0.05,0,0,27210,07:33:30
0,1,0.09,0.03,0,0.03,0,0.03,0,0,27270,07:34:30
0,3,0.27,0.10,0,0.09,0,0.08,0,0,27330,07:35:30
0,3,0.29,0.09,0,0.11,0,0.09,0,0,27390,07:36:30
0,4,0.40,0.12,0,0.12,0,0.16,0,0,27450,07:37:30
0,4,0.41,0.14,0,0.14,0,0.13,0,0,27510,07:38:30
0,5,0.45,0.14,0,0.19,0,0.13,0,0,27570,07:39:30
0,5,0.48,0.16,0,0.19,0,0.13,0,0,27630,07:40:30
0,5,0.48,0.19,0,0.13,0,0.17,0,0,27690,07:41:30
0,0,0.00,0.00,0,0.00,0,0.00,0,0,27750,07:42:30
0,3,0.26,0.09,0,0.09,0,0.08,0,0,27810,07:43:30
0,3,0.32,0.12,0,0.10,0,0.10,0,0,27870,07:44:30
0,1,0.11,0.04,0,0.04,0,0.04,0,0,27930,07:45:30
0,0,0.00,0.00,0,0.00,0,0.00,0,0,27990,07:46:30
0,4,0.38,0.11,0,0.12,0,0.15,0,0,28050,07:47:30
0,1,0.08,0.03,0,0.03,0,0.03,0,0,28110,07:48:30
0,0,0.00,0.00,0,0.00,0,0.00,0,0,28170,07:49:30
0,5,0.50,0.17,0,0.14,0,0.20,0,0,28230,07:50:30
0,1,0.09,0.04,0,0.03,0,0.03,0,0,28290,07:51:30
0,1,0.11,0.04,0,0.03,0,0.04,0,0,28350,07:52:30
0,4,0.36,0.14,0,0.11,0,0.11,0,0,28410,07:53:30
0,2,0.18,0.06,0,0.05,0,0.07,0,0,28470,07:54:30
0,5,0.39,0.13,0,0.13,0,0.13,0,0,28530,07:55:30
0,1,0.10,0.04,0,0.03,0,0.03,0,0,28590,07:56:30
0,0,0.00,0.00,0,0.00,0,0.00,0,0,28650,07:57:30
0,4,0.40,0.13,0,0.16,0,0.11,0,0,28710,07:58:30
0,0,0.00,0.00,0,0.00,0,0.00,0,0,28770,07:59:30
0,0,0.00,0.00,0,0.00,0,0.00,0,0,28830,08:00:30
0,3,0.27,0.08,0,0.09,0,0.11,0,0,28890,08:01:30
2,3,0.35,0.13,1,0.11,0,0.11,1,1,28950,08:02:30
2,1,0.18,0.07,1,0.05,0,0.06,0,1,29010,08:03:30
1,1,0.14,0.04,0,0.04,0,0.05,0,0,29070,08:04:30
0,5,0.46,0.14,0,0.14,0,0.19,0,0,29130,08:05:30
2,5,0.60,0.23,0,0.19,0,0.18,0,0,29190,08:06:30
2,5,0.53,0.20,0,0.16,1,0.16,0,1,29250,08:07:30
2,1,0.18,0.05,1,0.06,0,0.06,1,1,29310,08:08:30
2,2,0.27,0.08,0,0.09,0,0.10,0,0,29370,08:09:30
2,3,0.36,0.13,1,0.11,1,0.12,0,1,29430,08:10:30
2,3,0.40,0.11,1,0.14,1,0.15,1,1,29490,08:11:30
3,0,0.12,0.03,0,0.04,0,0.04,0,0,29550,08:12:30
4,1,0.23,0.08,1,0.08,1,0.07,0,1,29610,08:13:30
6,0,0.22,0.07,1,0.09,0,0.06,1,1,29670,08:14:30
7,2,0.48,0.15,0,0.16,1,0.16,1,1,29730,08:15:30
9,2,0.52,0.20,0,0.16,1,0.16,1,1,29790,08:16:30
9,4,0.65,0.21,1,0.22,1,0.22,1,1,29850,08:17:30
10,3,0.66,0.22,0,0.22,0,0.22,1,1,29910,08:18:30
9,4,0.67,0.21,0,0.20,1,0.25,0,1,29970,08:19:30
10,3,0.73,0.24,0,0.25,0,0.23,0,0,30030,08:20:30
9,1,0.44,0.15,0,0.13,1,0.16,0,1,30090,08:21:30
11,3,0.74,0.24,1,0.24,1,0.27,1,1,30150,08:22:30
12,4,2.83,0.25,0,0.29,0,0.29,1,1,30210,08:23:30
13,2,0.63,0.19,0,0.23,0,0.22,1,1,30270,08:24:30
11,5,0.93,0.31,0,0.31,1,0.30,0,1,30330,08:25:30
11,0,0.44,0.15,1,0.15,0,0.14,0,1,30390,08:26:30
12,5,0.85,0.29,0,0.25,1,0.31,0,1,30450,08:27:30
13,2,0.69,0.24,0,0.21,0,0.24,0,0,30510,08:28:30
14,2,0.66,0.22,0,0.24,1,0.20,1,1,30570,08:29:30
14,2,0.79,0.26,0,0.21,1,0.31,0,1,30630,08:30:30
15,0,0.64,0.19,1,0.23,1,0.23,1,1,30690,08:31:30
15,4,1.01,0.35,1,0.33,0,0.33,0,1,30750,08:32:30
14,0,0.45,0.15,1,0.16,1,0.14,0,1,30810,08:33:30
14,0,0.56,0.18,0,0.23,1,0.16,1,1,30870,08:34:30
13,5,1.02,0.32,0,0.29,0,0.41,0,0,30930,08:35:30
13,0,0.48,0.19,1,0.13,1,0.15,0,1,30990,08:36:30
13,0,0.50,0.20,1,0.15,1,0.15,1,1,31050,08:37:30
13,5,0.98,0.33,0,0.36,1,0.28,0,1,31110,08:38:30
15,2,0.86,0.31,1,0.29,1,0.26,1,1,31170,08:39:30
14,1,0.58,0.17,1,0.23,0,0.18,1,1,31230,08:40:30
15,1,0.64,0.21,1,0.18,1,0.25,1,1,31290,08:41:30
16,0,0.63,0.24,1,0.22,0,0.18,1,1,31350,08:42:30
14,3,0.84,0.22,1,0.30,0,0.32,0,1,31410,08:43:30
14,5,0.98,0.34,1,0.36,1,0.27,0,1,31470,08:44:30
16,5,1.18,0.36,0,0.41,1,0.41,0,1,31530,08:45:30
17,5,1.11,0.40,0,0.35,1,0.36,0,1,31590,08:46:30
17,5,1.08,0.32,1,0.37,1,0.40,0,1,31650,08:47:30
16,1,0.75,0.24,1,0.29,0,0.22,0,1,31710,08:48:30
17,3,0.97,0.33,0,0.27,1,0.37,0,1,31770,08:49:30
17,5,1.17,0.45,1,0.35,0,0.37,1,1,31830,08:50:30
17,0,0.70,0.23,0,0.27,0,0.20,1,1,31890,08:51:30
17,0,0.53,0.17,0,0.17,1,0.19,0,1,31950,08:52:30
17,0,0.62,0.20,0,0.20,0,0.23,1,1,32010,08:53:30
17,4,0.94,0.30,0,0.34,0,0.30,1,1,32070,08:54:30
17,0,0.56,0.20,0,0.18,0,0.19,1,1,32130,08:55:30
17,0,0.52,0.17,1,0.18,1,0.17,0,1,32190,08:56:30
17,3,0.92,0.31,0,0.32,1,0.29,0,1,32250,08:57:30
19,0,0.63,0.19,0,0.20,1,0.24,0,1,32310,08:58:30
19,3,1.11,0.30,0,0.42,1,0.39,0,1,32370,08:59:30
20,0,0.76,0.32,1,0.21,0,0.24,1,1,32430,09:00:30
21,5,1.14,0.39,1,0.35,1,0.40,0,1,32490,09:01:30
21,5,1.27,0.40,1,0.48,1,0.38,0,1,32550,09:02:30
19,4,1.00,0.33,1,0.36,0,0.32,0,1,32610,09:03:30
19,2,1.03,0.33,1,0.37,1,0.33,0,1,32670,09:04:30
18,2,0.93,0.26,0,0.32,0,0.34,1,1,32730,09:05:30
17,3,0.97,0.32,1,0.34,1,0.32,0,1,32790,09:06:30
17,2,1.00,0.36,1,0.34,1,0.30,0,1,32850,09:07:30
16,2,0.74,0.29,0,0.23,1,0.23,1,1,32910,09:08:30
14,2,0.63,0.21,1,0.20,1,0.22,0,1,32970,09:09:30
14,0,0.58,0.22,0,0.18,1,0.18,1,1,33030,09:10:30
15,3,0.79,0.29,1,0.25,1,0.26,0,1,33090,09:11:30
13,1,0.68,0.25,1,0.23,0,0.21,1,1,33150,09:12:30
13,4,0.90,0.36,1,0.29,0,0.26,0,1,33210,09:13:30
13,3,0.78,0.29,0,0.24,0,0.26,1,1,33270,09:14:30
15,5,1.08,0.35,1,0.33,1,0.40,1,1,33330,09:15:30
17,4,0.97,0.35,0,0.29,1,0.33,0,1,33390,09:16:30
17,1,0.77,0.30,1,0.24,1,0.23,1,1,33450,09:17:30
19,1,0.81,0.28,1,0.27,1,0.25,1,1,33510,09:18:30
19,2,1.01,0.37,0,0.26,1,0.38,1,1,33570,09:19:30
21,2,1.04,0.40,0,0.33,1,0.31,1,1,33630,09:20:30
22,3,1.19,0.34,1,0.41,0,0.44,0,1,33690,09:21:30
23,4,1.43,0.44,0,0.54,0,0.44,0,0,33750,09:22:30
24,2,0.93,0.32,0,0.30,0,0.31,0,0,33810,09:23:30
24,3,1.31,0.44,0,0.38,0,0.49,1,1,33870,09:24:30
24,2,1.11,0.36,1,0.39,0,0.36,0,1,33930,09:25:30
23,4,1.13,0.41,0,0.37,1,0.35,1,1,33990,09:26:30
23,5,1.30,0.43,0,0.46,1,0.41,0,1,34050,09:27:30
22,0,0.84,0.30,0,0.28,1,0.27,1,1,34110,09:28:30
24,3,1.27,0.34,1,0.43,1,0.50,1,1,34170,09:29:30
26,1,1.10,0.29,0,0.35,0,0.46,1,1,34230,09:30:30
26,5,1.40,0.50,0,0.49,0,0.40,1,1,34290,09:31:30
26,3,1.30,0.42,1,0.44,0,0.43,1,1,34350,09:32:30
27,5,1.49,0.55,0,0.46,0,0.48,0,0,34410,09:33:30
26,3,1.22,0.35,1,0.44,1,0.43,0,1,34470,09:34:30
28,0,1.09,0.30,1,0.47,1,0.32,0,1,34530,09:35:30
29,5,1.52,0.48,0,0.51,0,0.53,1,1,34590,09:36:30
27,2,1.11,0.42,0,0.33,1,0.36,0,1,34650,09:37:30
29,0,1.21,0.38,0,0.35,1,0.48,0,1,34710,09:38:30
27,1,1.08,0.35,1,0.44,1,0.30,0,1,34770,09:39:30
28,2,1.33,0.53,0,0.44,1,0.37,1,1,34830,09:40:30
27,2,1.37,0.40,1,0.45,1,0.51,1,1,34890,09:41:30
29,2,1.23,0.40,0,0.44,1,0.38,0,1,34950,09:42:30
30,5,1.57,0.54,0,0.55,0,0.48,1,1,35010,09:43:30
30,1,1.33,0.45,0,0.46,1,0.43,1,1,35070,09:44:30
30,4,1.62,0.57,1,0.58,1,0.46,1,1,35130,09:45:30
30,2,1.23,0.39,1,0.49,0,0.35,1,1,35190,09:46:30
32,1,1.43,0.53,1,0.36,1,0.55,1,1,35250,09:47:30
33,4,1.66,0.52,0,0.61,0,0.53,1,1,35310,09:48:30
34,3,1.55,0.59,1,0.44,1,0.52,1,1,35370,09:49:30
33,3,1.45,0.47,0,0.51,1,0.46,0,1,35430,09:50:30
32,5,1.51,0.48,1,0.55,0,0.48,0,1,35490,09:51:30
32,2,1.56,0.42,1,0.59,0,0.55,0,1,35550,09:52:30
33,3,1.53,0.51,0,0.51,0,0.52,1,1,35610,09:53:30
32,0,1.07,0.33,0,0.40,0,0.34,0,0,35670,09:54:30
33,1,1.27,0.42,0,0.41,0,0.44,1,1,35730,09:55:30
33,3,1.41,0.47,0,0.47,1,0.47,0,1,35790,09:56:30
33,3,1.43,0.48,0,0.49,1,0.46,0,1,35850,09:57:30
33,1,1.43,0.48,1,0.54,1,0.41,0,1,35910,09:58:30
35,3,1.52,0.51,1,0.47,0,0.54,1,1,35970,09:59:30
37,2,1.61,0.61,1,0.52,1,0.48,0,1,36030,10:00:30
38,5,1.68,0.57,1,0.53,1,0.58,1,1,36090,10:01:30
40,1,1.72,0.58,1,0.63,1,0.50,1,1,36150,10:02:30
40,4,1.69,0.62,1,0.54,0,0.53,0,1,36210,10:03:30
40,5,1.88,0.63,1,0.63,1,0.63,1,1,36270,10:04:30
40,1,1.48,0.50,0,0.50,1,0.48,0,1,36330,10:05:30
40,4,2.13,0.61,0,0.79,0,0.73,0,0,36390,10:06:30
42,2,1.69,0.64,0,0.57,1,0.48,1,1,36450,10:07:30
42,1,1.70,0.67,1,0.51,1,0.52,0,1,36510,10:08:30
43,4,1.80,0.67,1,0.56,1,0.58,1,1,36570,10:09:30
44,0,1.75,0.59,1,0.56,1,0.59,1,1,36630,10:10:30
43,2,1.90,0.66,0,0.70,0,0.53,0,0,36690,10:11:30
44,5,2.38,0.71,0,0.88,1,0.78,0,1,36750,10:12:30
45,2,1.71,0.56,1,0.63,0,0.52,0,1,36810,10:13:30
45,2,1.99,0.79,1,0.65,1,0.55,1,1,36870,10:14:30
43,1,1.68,0.53,0,0.58,0,0.58,0,0,36930,10:15:30
45,2,2.18,0.78,0,0.74,1,0.67,1,1,36990,10:16:30
45,3,1.70,0.58,0,0.55,0,0.57,0,0,37050,10:17:30
46,3,2.06,0.81,1,0.69,0,0.56,1,1,37110,10:18:30
45,4,2.19,0.73,1,0.85,1,0.62,0,1,37170,10:19:30
45,1,2.07,0.66,0,0.62,0,0.78,1,1,37230,10:20:30
46,3,1.94,0.60,0,0.56,1,0.78,0,1,37290,10:21:30
48,4,2.36,0.78,0,0.68,1,0.90,0,1,37350,10:22:30
47,5,2.10,0.76,1,0.61,0,0.73,0,1,37410,10:23:30
46,3,2.03,0.54,0,0.76,1,0.73,0,1,37470,10:24:30
47,3,2.16,0.61,1,0.72,1,0.83,0,1,37530,10:25:30
48,5,2.25,0.64,1,0.70,1,0.91,1,1,37590,10:26:30
48,3,2.04,0.60,0,0.78,0,0.66,0,0,37650,10:27:30
48,1,1.99,0.68,0,0.64,0,0.67,0,0,37710,10:28:30
47,0,1.92,0.64,1,0.57,1,0.71,0,1,37770,10:29:30
49,4,2.12,0.67,1,0.81,0,0.64,1,1,37830,10:30:30
48,2,2.15,0.59,1,0.74,1,0.83,1,1,37890,10:31:30
50,4,2.76,0.94,1,0.91,1,0.92,0,1,37950,10:32:30
52,5,2.49,0.83,1,0.93,0,0.73,1,1,38010,10:33:30
53,0,2.06,0.60,1,0.88,0,0.57,1,1,38070,10:34:30
52,3,2.43,0.97,1,0.71,1,0.75,1,1,38130,10:35:30
53,4,2.39,0.67,0,0.99,0,0.73,1,1,38190,10:36:30
53,0,2.17,0.76,1,0.84,1,0.57,1,1,38250,10:37:30
53,4,2.46,0.96,1,0.67,1,0.83,0,1,38310,10:38:30
51,0,2.09,0.74,1,0.68,1,0.67,0,1,38370,10:39:30
52,2,2.24,0.88,0,0.71,1,0.65,1,1,38430,10:40:30
54,4,2.04,0.71,1,0.67,0,0.66,1,1,38490,10:41:30
55,4,2.45,0.71,0,0.76,0,0.98,0,0,38550,10:42:30
53,3,2.28,0.69,1,0.77,1,0.83,1,1,38610,10:43:30
53,0,2.08,0.75,0,0.78,0,0.55,0,0,38670,10:44:30
54,2,2.48,0.83,1,0.88,0,0.78,0,1,38730,10:45:30
55,2,2.26,0.92,1,0.68,0,0.66,1,1,38790,10:46:30
55,4,2.24,0.76,0,0.76,0,0.72,0,0,38850,10:47:30
54,1,2.24,0.77,1,0.58,0,0.90,0,1,38910,10:48:30
53,1,2.08,0.69,1,0.83,0,0.56,0,1,38970,10:49:30
51,1,1.78,0.55,1,0.56,1,0.68,0,1,39030,10:50:30
51,4,2.15,0.77,1,0.76,1,0.62,0,1,39090,10:51:30
53,2,2.14,0.61,1,0.82,1,0.72,1,1,39150,10:52:30
54,3,2.34,0.74,0,0.74,0,0.86,0,0,39210,10:53:30
55,0,2.04,0.69,1,0.61,0,0.74,0,1,39270,10:54:30
57,3,2.50,0.77,1,0.88,0,0.85,1,1,39330,10:55:30
57,1,2.29,0.88,0,0.72,0,0.69,0,0,39390,10:56:30
56,3,2.58,0.85,0,0.81,1,0.92,1,1,39450,10:57:30
57,4,2.88,0.81,0,1.01,1,1.06,1,1,39510,10:58:30
58,4,2.66,1.03,0,0.89,1,0.75,1,1,39570,10:59:30
59,3,2.68,1.05,1,0.96,1,0.67,1,1,39630,11:00:30
59,2,2.23,0.69,1,0.71,0,0.83,0,1,39690,11:01:30
61,4,2.70,1.03,0,0.82,1,0.86,0,1,39750,11:02:30
62,1,2.54,0.67,1,0.85,0,1.01,1,1,39810,11:03:30
62,5,2.57,0.81,0,0.89,1,0.87,0,1,39870,11:04:30
63,5,3.10,1.12,0,0.85,1,1.13,1,1,39930,11:05:30
62,4,2.85,0.90,1,1.06,1,0.89,1,1,39990,11:06:30
62,2,2.64,0.96,0,0.97,1,0.71,0,1,40050,11:07:30
60,5,2.79,0.96,1,1.01,1,0.82,0,1,40110,11:08:30
60,0,2.54,0.88,0,0.90,0,0.76,1,1,40170,11:09:30
62,2,2.51,0.85,0,0.80,1,0.86,1,1,40230,11:10:30
63,5,3.15,1.13,1,0.82,1,1.19,0,1,40290,11:11:30
65,5,3.10,0.82,0,1.13,0,1.14,1,1,40350,11:12:30
65,3,2.57,0.84,0,0.99,1,0.74,1,1,40410,11:13:30
64,5,2.71,1.01,0,0.86,0,0.84,1,1,40470,11:14:30
64,3,2.87,0.74,0,0.99,1,1.13,0,1,40530,11:15:30
64,3,2.62,1.11,0,0.77,0,0.73,1,1,40590,11:16:30
63,0,2.39,0.77,0,0.71,0,0.91,1,1,40650,11:17:30
63,3,2.57,0.91,1,0.77,0,0.89,1,1,40710,11:18:30
63,5,2.51,0.92,0,0.79,1,0.80,1,1,40770,11:19:30
62,4,2.41,0.91,0,0.74,0,0.75,0,0,40830,11:20:30
62,3,2.86,0.76,0,1.11,1,0.99,0,1,40890,11:21:30
63,3,2.46,0.73,1,0.76,0,0.96,0,1,40950,11:22:30
65,4,2.97,1.04,0,0.96,1,0.97,0,1,41010,11:23:30
63,0,2.38,0.70,0,0.91,1,0.77,1,1,41070,11:24:30
63,0,2.47,1.00,1,0.64,1,0.83,1,1,41130,11:25:30
63,2,2.84,0.74,1,0.96,1,1.13,1,1,41190,11:26:30
63,2,2.79,1.06,1,0.76,1,0.97,1,1,41250,11:27:30
63,5,2.62,0.78,0,0.97,0,0.87,1,1,41310,11:28:30
64,4,2.58,1.00,1,0.78,0,0.79,1,1,41370,11:29:30
64,4,6.63,0.78,0,1.08,1,0.77,1,1,41430,11:30:30
65,5,3.55,1.15,1,1.20,1,1.21,0,1,41490,11:31:30
66,4,2.65,0.84,0,0.86,1,0.94,0,1,41550,11:32:30
67,0,2.57,0.78,1,1.10,1,0.69,1,1,41610,11:33:30
68,2,2.99,0.90,0,1.19,1,0.90,0,1,41670,11:34:30
69,0,2.89,1.06,1,0.75,1,1.08,0,1,41730,11:35:30
69,1,2.38,0.75,1,0.78,1,0.84,1,1,41790,11:36:30
69,4,3.17,0.83,1,1.17,0,1.17,0,1,41850,11:37:30
71,5,2.76,0.84,1,0.92,1,1.01,0,1,41910,11:38:30
72,3,2.77,0.87,0,1.03,1,0.87,1,1,41970,11:39:30
73,5,3.57,1.19,0,1.03,1,1.34,0,1,42030,11:40:30
74,5,3.15,1.02,1,1.04,1,1.09,0,1,42090,11:41:30
74,0,2.67,0.77,1,1.12,0,0.78,1,1,42150,11:42:30
74,1,2.93,0.93,1,0.85,1,1.15,1,1,42210,11:43:30
74,3,2.65,0.89,1,0.86,0,0.90,1,1,42270,11:44:30
74,5,3.55,1.39,1,0.87,0,1.29,1,1,42330,11:45:30
73,4,3.04,1.09,0,0.88,1,1.06,0,1,42390,11:46:30
74,2,3.11,1.06,0,1.18,0,0.87,0,0,42450,11:47:30
73,2,2.79,0.83,1,0.85,0,1.11,1,1,42510,11:48:30
73,3,3.05,0.92,1,0.91,1,1.22,1,1,42570,11:49:30
72,5,3.21,1.17,0,0.94,1,1.10,1,1,42630,11:50:30
73,1,2.77,0.85,0,0.89,0,1.04,0,0,42690,11:51:30
75,5,3.54,1.22,1,1.40,0,0.92,0,1,42750,11:52:30
76,1,3.13,0.90,0,1.20,1,1.03,0,1,42810,11:53:30
76,1,3.00,0.98,1,0.96,0,1.06,1,1,42870,11:54:30
75,5,2.81,0.92,0,0.97,0,0.91,0,0,42930,11:55:30
76,1,2.65,0.87,0,0.95,0,0.83,0,0,42990,11:56:30
76,5,3.14,0.91,0,1.07,1,1.15,1,1,43050,11:57:30
75,5,3.73,1.11,0,1.34,1,1.28,0,1,43110,11:58:30
74,5,3.19,0.94,1,1.02,1,1.23,1,1,43170,11:59:30
72,0,2.95,0.81,1,1.14,0,1.00,1,1,43230,12:00:30
74,5,3.11,1.14,0,0.93,1,1.04,1,1,43290,12:01:30
75,0,2.74,0.86,1,1.10,1,0.77,0,1,43350,12:02:30
75,0,3.19,0.88,0,1.15,1,1.15,1,1,43410,12:03:30
75,3,2.97,1.13,0,0.88,1,0.95,1,1,43470,12:04:30
75,4,3.26,1.30,0,1.09,1,0.88,1,1,43530,12:05:30
75,0,2.72,0.78,0,0.93,0,1.01,1,1,43590,12:06:30
75,4,2.74,0.95,1,0.91,0,0.88,0,1,43650,12:07:30
75,5,3.48,1.06,1,1.19,1,1.23,0,1,43710,12:08:30
76,5,3.89,1.32,0,1.33,1,1.24,0,1,43770,12:09:30
76,3,3.18,1.06,0,0.96,0,1.16,1,1,43830,12:10:30
75,0,2.57,0.83,1,0.96,1,0.77,0,1,43890,12:11:30
75,0,3.27,1.03,0,1.17,0,1.07,0,0,43950,12:12:30
76,5,3.52,1.13,0,1.23,0,1.17,1,1,44010,12:13:30
77,5,3.82,1.42,1,1.15,0,1.24,1,1,44070,12:14:30
79,0,3.23,1.10,0,0.88,1,1.25,0,1,44130,12:15:30
80,1,3.14,1.20,1,0.88,1,1.05,1,1,44190,12:16:30
81,3,3.44,1.22,0,0.94,1,1.28,0,1,44250,12:17:30
81,0,2.73,1.03,0,0.84,0,0.86,1,1,44310,12:18:30
80,1,4.72,0.92,1,0.88,0,0.92,1,1,44370,12:19:30
79,3,3.68,0.98,0,1.33,0,1.37,0,0,44430,12:20:30
79,5,3.39,1.12,1,0.96,1,1.31,1,1,44490,12:21:30
79,2,3.05,1.10,1,1.09,0,0.85,0,1,44550,12:22:30
78,5,3.75,1.39,0,1.36,0,1.00,0,0,44610,12:23:30
79,2,3.05,0.89,0,0.93,0,1.23,0,0,44670,12:24:30
78,4,3.37,1.25,0,1.01,1,1.11,0,1,44730,12:25:30
77,4,3.24,0.92,0,1.11,0,1.22,1,1,44790,12:26:30
78,1,3.10,1.17,0,1.01,1,0.92,0,1,44850,12:27:30
79,0,3.07,0.98,1,1.14,1,0.95,0,1,44910,12:28:30
78,4,3.73,1.09,0,1.25,1,1.39,0,1,44970,12:29:30
79,2,3.15,1.03,0,0.95,0,1.17,1,1,45030,12:30:30
79,1,2.86,0.85,1,1.09,0,0.92,0,1,45090,12:31:30
81,4,3.72,1.02,0,1.37,1,1.33,0,1,45150,12:32:30
81,5,3.92,1.48,0,1.48,0,0.97,0,0,45210,12:33:30
81,1,3.52,1.00,1,1.22,1,1.30,0,1,45270,12:34:30
81,4,3.47,1.04,0,0.99,1,1.44,1,1,45330,12:35:30
81,2,3.37,1.13,1,1.24,1,1.00,1,1,45390,12:36:30
81,3,3.56,0.98,1,1.41,0,1.17,0,1,45450,12:37:30
79,1,2.98,0.82,0,1.15,0,1.00,1,1,45510,12:38:30
79,3,3.17,1.13,1,0.92,1,1.12,0,1,45570,12:39:30
81,4,3.13,1.07,1,1.11,0,0.94,0,1,45630,12:40:30
80,0,3.24,1.14,1,1.03,0,1.07,0,1,45690,12:41:30
80,5,3.61,1.06,1,1.37,1,1.19,1,1,45750,12:42:30
80,4,3.37,1.23,0,1.21,0,0.93,1,1,45810,12:43:30
79,1,3.02,0.88,1,1.04,1,1.10,0,1,45870,12:44:30
77,0,3.24,0.97,1,1.04,1,1.22,0,1,45930,12:45:30
76,3,3.39,1.34,0,1.20,0,0.85,1,1,45990,12:46:30
76,4,3.74,1.34,0,1.06,0,1.33,0,0,46050,12:47:30
75,1,2.72,0.89,1,0.93,1,0.90,1,1,46110,12:48:30
74,4,2.93,0.92,1,1.04,0,0.97,0,1,46170,12:49:30
75,5,3.31,1.30,0,0.94,0,1.06,0,0,46230,12:50:30
76,4,2.99,0.93,0,1.03,0,1.04,0,0,46290,12:51:30
76,4,3.09,0.92,1,1.05,1,1.12,1,1,46350,12:52:30
76,2,2.77,0.82,0,1.11,1,0.84,0,1,46410,12:53:30
76,3,3.55,1.02,0,1.26,1,1.28,0,1,46470,12:54:30
76,5,3.50,1.28,1,1.23,0,0.99,1,1,46530,12:55:30
77,3,2.78,0.87,0,1.00,0,0.92,1,1,46590,12:56:30
78,1,2.76,0.96,1,0.86,1,0.94,1,1,46650,12:57:30
78,3,3.22,1.01,1,0.93,1,1.28,1,1,46710,12:58:30
80,2,3.26,1.07,1,1.26,1,0.92,1,1,46770,12:59:30
82,5,4.17,1.49,0,1.18,1,1.49,0,1,46830,13:00:30
82,4,3.65,1.17,1,1.24,1,1.25,0,1,46890,13:01:30
82,3,3.07,0.98,1,1.05,1,1.04,0,1,46950,13:02:30
81,2,3.25,1.24,0,0.88,1,1.13,1,1,47010,13:03:30
82,1,3.14,1.19,0,1.01,0,0.95,0,0,47070,13:04:30
84,3,3.72,0.97,0,1.31,0,1.43,1,1,47130,13:05:30
85,4,3.29,1.03,0,1.24,1,1.02,1,1,47190,13:06:30
85,3,3.32,1.16,0,1.13,1,1.03,0,1,47250,13:07:30
85,2,3.65,1.11,1,1.10,0,1.45,1,1,47310,13:08:30
87,3,3.69,0.97,0,1.45,0,1.27,1,1,47370,13:09:30
87,2,3.07,1.14,1,0.96,1,0.96,1,1,47430,13:10:30
87,4,3.85,1.46,0,1.09,0,1.30,0,0,47490,13:11:30
88,4,3.92,1.31,1,1.56,0,1.05,0,1,47550,13:12:30
88,0,3.80,1.14,1,1.40,1,1.26,0,1,47610,13:13:30
88,4,3.60,0.98,0,1.02,1,1.59,0,1,47670,13:14:30
89,3,3.40,1.13,0,1.00,1,1.27,1,1,47730,13:15:30
90,1,3.24,1.17,0,0.95,0,1.12,1,1,47790,13:16:30
89,1,3.19,0.96,0,1.30,0,0.93,0,0,47850,13:17:30
89,0,2.70,0.89,0,0.92,0,0.89,1,1,47910,13:18:30
91,3,3.59,1.14,1,1.01,0,1.43,0,1,47970,13:19:30
91,0,3.44,1.07,0,0.99,1,1.38,1,1,48030,13:20:30
93,0,3.27,0.97,0,0.95,0,1.35,1,1,48090,13:21:30
93,4,4.22,1.48,0,1.08,1,1.66,1,1,48150,13:22:30
94,3,3.81,1.19,0,1.34,1,1.29,1,1,48210,13:23:30
96,5,4.58,1.60,0,1.52,1,1.46,0,1,48270,13:24:30
98,2,4.01,1.11,1,1.38,1,1.52,1,1,48330,13:25:30
96,0,3.58,1.30,0,0.99,1,1.30,1,1,48390,13:26:30
97,3,4.30,1.15,0,1.51,1,1.64,1,1,48450,13:27:30
98,2,3.92,1.34,0,1.29,1,1.29,0,1,48510,13:28:30
99,3,4.57,1.13,0,1.68,1,1.76,1,1,48570,13:29:30
98,1,3.71,1.66,0,1.01,1,1.04,1,1,48630,13:30:30
99,3,4.12,1.36,0,1.68,0,1.08,0,0,48690,13:31:30
100,0,4.32,1.04,0,1.61,0,1.67,0,0,48750,13:32:30
101,3,3.51,1.18,0,1.20,1,1.14,0,1,48810,13:33:30
102,5,3.60,1.24,1,1.17,1,1.19,0,1,48870,13:34:30
102,5,3.99,1.31,1,1.45,1,1.24,1,1,48930,13:35:30
102,5,4.44,1.53,0,1.60,1,1.32,1,1,48990,13:36:30
102,0,4.37,1.31,1,1.70,1,1.36,1,1,49050,13:37:30
103,0,4.03,1.34,1,1.24,0,1.45,0,1,49110,13:38:30
104,0,4.15,1.51,0,1.18,1,1.46,0,1,49170,13:39:30
104,1,3.63,1.38,1,1.10,0,1.14,1,1,49230,13:40:30
105,5,4.38,1.39,1,1.51,0,1.47,0,1,49290,13:41:30
105,2,4.84,1.71,1,1.77,1,1.35,0,1,49350,13:42:30
105,0,3.37,1.12,0,1.21,1,1.05,0,1,49410,13:43:30
103,1,4.26,1.48,0,1.33,0,1.44,1,1,49470,13:44:30
103,3,4.12,1.52,0,1.37,0,1.23,0,0,49530,13:45:30
103,0,3.23,1.07,1,1.11,0,1.05,0,1,49590,13:46:30
102,3,3.88,1.33,0,1.35,1,1.20,1,1,49650,13:47:30
101,4,4.71,1.32,0,1.78,1,1.61,1,1,49710,13:48:30
100,3,4.11,1.59,1,1.41,0,1.11,0,1,49770,13:49:30
100,4,4.69,1.70,0,1.53,0,1.46,0,0,49830,13:50:30
101,1,3.47,1.17,1,1.11,0,1.19,0,1,49890,13:51:30
99,1,3.82,1.21,1,1.14,1,1.47,1,1,49950,13:52:30
100,5,4.84,1.52,0,1.86,1,1.46,1,1,50010,13:53:30
99,0,4.55,1.30,0,1.60,0,1.65,0,0,50070,13:54:30
100,5,3.87,1.39,0,1.36,1,1.13,0,1,50130,13:55:30
99,5,4.96,1.68,0,1.57,1,1.72,1,1,50190,13:56:30
99,2,4.26,1.70,1,1.41,1,1.15,0,1,50250,13:57:30
98,4,4.27,1.57,1,1.38,1,1.33,1,1,50310,13:58:30
100,0,3.93,1.47,1,1.19,1,1.27,1,1,50370,13:59:30
102,1,4.48,1.73,0,1.35,0,1.40,1,1,50430,14:00:30
101,2,3.96,1.14,1,1.17,1,1.65,1,1,50490,14:01:30
100,5,3.57,1.16,0,1.19,1,1.23,1,1,50550,14:02:30
100,1,3.82,1.62,0,1.16,1,1.05,0,1,50610,14:03:30
101,4,4.42,1.45,1,1.36,1,1.61,0,1,50670,14:04:30
102,1,3.84,1.40,0,1.35,1,1.09,1,1,50730,14:05:30
102,2,4.54,1.52,0,1.71,0,1.31,1,1,50790,14:06:30
103,1,3.89,1.19,1,1.53,1,1.17,0,1,50850,14:07:30
103,2,4.41,1.64,1,1.53,0,1.24,0,1,50910,14:08:30
103,4,4.39,1.81,0,1.23,0,1.35,1,1,50970,14:09:30
104,2,4.40,1.47,0,1.51,0,1.42,0,0,51030,14:10:30
103,5,4.49,1.72,1,1.30,0,1.47,1,1,51090,14:11:30
103,1,4.21,1.69,1,1.33,0,1.20,0,1,51150,14:12:30
105,5,5.00,1.86,1,1.42,0,1.72,0,1,51210,14:13:30
106,0,4.83,1.77,1,1.63,0,1.43,1,1,51270,14:14:30
107,4,3.83,1.33,0,1.23,0,1.28,0,0,51330,14:15:30
108,2,4.45,1.23,0,1.36,1,1.86,1,1,51390,14:16:30
108,3,4.30,1.25,0,1.42,1,1.63,1,1,51450,14:17:30
109,5,4.60,1.74,1,1.50,1,1.36,1,1,51510,14:18:30
109,3,5.06,1.47,1,1.91,0,1.68,0,1,51570,14:19:30
109,3,3.84,1.22,0,1.45,1,1.18,0,1,51630,14:20:30
108,2,4.47,1.25,1,1.69,1,1.53,0,1,51690,14:21:30
107,4,4.42,1.45,0,1.67,0,1.30,0,0,51750,14:22:30
107,3,4.13,1.38,0,1.19,0,1.56,0,0,51810,14:23:30
108,0,4.14,1.66,1,1.23,0,1.26,1,1,51870,14:24:30
108,3,4.13,1.74,1,1.18,0,1.21,0,1,51930,14:25:30
109,1,4.15,1.17,0,1.66,0,1.33,0,0,51990,14:26:30
109,1,3.62,1.17,0,1.20,1,1.25,0,1,52050,14:27:30
109,0,4.31,1.47,0,1.25,1,1.58,0,1,52110,14:28:30
109,1,4.83,1.57,0,1.61,1,1.65,1,1,52170,14:29:30
109,4,4.54,1.58,0,1.59,0,1.37,1,1,52230,14:30:30
109,1,3.95,1.34,0,1.17,0,1.44,0,0,52290,14:31:30
109,5,4.72,1.73,0,1.73,0,1.26,0,0,52350,14:32:30
109,4,4.21,1.63,1,1.22,1,1.36,1,1,52410,14:33:30
110,0,4.32,1.29,1,1.83,1,1.20,0,1,52470,14:34:30
112,5,4.90,1.63,1,1.63,1,1.65,0,1,52530,14:35:30
112,5,5.05,2.01,1,1.47,0,1.56,0,1,52590,14:36:30
113,3,4.71,1.58,0,1.43,1,1.70,0,1,52650,14:37:30
114,1,4.50,1.22,1,1.73,0,1.56,0,1,52710,14:38:30
114,0,4.08,1.15,1,1.34,0,1.58,0,1,52770,14:39:30
114,2,6.43,1.44,1,1.51,1,1.47,1,1,52830,14:40:30
116,0,4.67,1.93,1,1.45,0,1.29,1,1,52890,14:41:30
116,4,4.08,1.29,1,1.44,1,1.34,1,1,52950,14:42:30
116,0,4.10,1.22,0,1.17,0,1.71,0,0,53010,14:43:30
116,1,4.28,1.26,1,1.31,1,1.71,1,1,53070,14:44:30
117,0,4.13,1.50,0,1.22,0,1.41,0,0,53130,14:45:30
117,3,4.49,1.49,1,1.68,1,1.32,1,1,53190,14:46:30
119,1,4.16,1.40,0,1.25,0,1.51,1,1,53250,14:47:30
118,1,4.95,1.80,1,1.44,1,1.71,1,1,53310,14:48:30
118,5,5.42,1.87,0,2.14,1,1.41,0,1,53370,14:49:30
120,1,5.05,1.27,1,1.93,0,1.85,0,1,53430,14:50:30
121,2,4.92,1.63,0,1.85,0,1.44,1,1,53490,14:51:30
122,3,5.27,1.75,0,1.94,0,1.58,0,0,53550,14:52:30
121,0,4.22,1.55,1,1.41,1,1.26,1,1,53610,14:53:30
121,1,4.61,1.83,1,1.37,1,1.41,1,1,53670,14:54:30
120,1,4.41,1.32,0,1.79,0,1.30,0,0,53730,14:55:30
121,4,5.32,2.12,0,1.53,0,1.67,1,1,53790,14:56:30
122,4,4.79,1.92,0,1.49,1,1.38,0,1,53850,14:57:30
123,0,5.42,1.92,0,1.58,1,1.92,0,1,53910,14:58:30
123,5,4.67,1.46,1,1.74,1,1.47,1,1,53970,14:59:30
123,1,5.15,1.81,0,1.33,1,2.02,0,1,54030,15:00:30
124,2,5.50,1.67,1,2.06,0,1.77,1,1,54090,15:01:30
123,2,4.58,1.79,1,1.38,1,1.41,0,1,54150,15:02:30
123,1,4.10,1.32,0,1.50,0,1.28,1,1,54210,15:03:30
122,1,4.66,1.63,0,1.78,0,1.25,0,0,54270,15:04:30
121,0,4.55,1.22,0,1.83,1,1.49,1,1,54330,15:05:30
122,1,4.56,1.49,1,1.32,1,1.75,1,1,54390,15:06:30
123,0,4.80,1.48,1,1.40,1,1.92,0,1,54450,15:07:30
122,5,5.75,1.98,0,1.82,0,1.95,1,1,54510,15:08:30
123,1,4.85,1.28,1,1.65,0,1.92,0,1,54570,15:09:30
123,0,4.45,1.23,1,1.54,1,1.68,1,1,54630,15:10:30
125,0,4.60,1.47,0,1.42,0,1.71,1,1,54690,15:11:30
125,2,4.78,1.68,0,1.33,0,1.77,1,1,54750,15:12:30
124,2,4.91,1.56,0,1.52,1,1.82,1,1,54810,15:13:30
122,2,4.47,1.82,1,1.38,0,1.27,0,1,54870,15:14:30
122,5,5.06,1.82,0,1.42,0,1.82,0,0,54930,15:15:30
122,2,4.77,1.30,0,1.68,0,1.78,1,1,54990,15:16:30
123,1,4.85,1.38,1,1.80,0,1.67,0,1,55050,15:17:30
124,4,5.27,1.47,1,2.03,0,1.77,0,1,55110,15:18:30
123,1,5.25,1.64,1,2.08,0,1.53,0,1,55170,15:19:30
122,2,4.54,1.44,0,1.58,0,1.52,1,1,55230,15:20:30
122,3,4.83,1.52,1,1.37,0,1.94,0,1,55290,15:21:30
123,1,4.22,1.45,1,1.43,1,1.34,1,1,55350,15:22:30
123,3,4.84,1.45,0,1.60,1,1.79,0,1,55410,15:23:30
124,4,5.55,2.14,1,1.91,1,1.51,0,1,55470,15:24:30
123,1,5.12,1.85,0,2.01,0,1.27,1,1,55530,15:25:30
122,1,4.67,1.49,0,1.48,1,1.70,0,1,55590,15:26:30
121,1,4.78,1.62,0,1.35,0,1.81,1,1,55650,15:27:30
122,2,4.79,1.52,1,1.57,0,1.70,0,1,55710,15:28:30
122,5,4.77,1.59,1,1.77,1,1.41,1,1,55770,15:29:30
122,4,5.86,1.98,0,1.95,0,1.93,0,0,55830,15:30:30
122,5,4.96,1.86,0,1.56,1,1.54,1,1,55890,15:31:30
122,0,4.88,1.37,1,1.91,0,1.61,0,1,55950,15:32:30
121,4,4.88,1.36,0,1.45,1,2.07,0,1,56010,15:33:30
123,0,4.74,1.52,1,1.84,0,1.38,1,1,56070,15:34:30
123,1,4.32,1.33,1,1.58,1,1.41,0,1,56130,15:35:30
121,5,5.19,2.01,1,1.59,0,1.60,0,1,56190,15:36:30
121,4,5.22,1.76,1,1.55,0,1.91,0,1,56250,15:37:30
120,3,5.18,1.73,1,1.42,1,2.03,0,1,56310,15:38:30
120,3,5.27,1.76,1,1.87,1,1.63,0,1,56370,15:39:30
120,4,4.24,1.32,1,1.52,0,1.40,1,1,56430,15:40:30
120,0,5.39,1.90,1,1.90,1,1.58,1,1,56490,15:41:30
122,4,5.34,2.12,0,1.75,1,1.46,1,1,56550,15:42:30
122,3,4.56,1.68,1,1.52,1,1.36,1,1,56610,15:43:30
121,5,5.31,2.09,0,1.70,0,1.52,0,0,56670,15:44:30
120,2,5.37,1.70,1,1.93,1,1.74,1,1,56730,15:45:30
119,3,5.03,2.08,0,1.46,0,1.49,1,1,56790,15:46:30
120,1,4.96,1.94,1,1.23,0,1.80,1,1,56850,15:47:30
119,2,4.74,1.41,0,1.37,1,1.95,1,1,56910,15:48:30
119,3,4.38,1.58,1,1.40,0,1.41,1,1,56970,15:49:30
120,5,5.38,1.38,0,2.04,1,1.96,1,1,57030,15:50:30
120,1,4.49,1.70,1,1.55,1,1.24,0,1,57090,15:51:30
122,0,5.30,2.00,1,1.85,1,1.45,1,1,57150,15:52:30
122,3,5.53,2.05,1,1.40,0,2.08,0,1,57210,15:53:30
122,3,4.76,1.49,0,1.65,1,1.62,0,1,57270,15:54:30
121,5,4.63,1.43,1,1.55,0,1.66,0,1,57330,15:55:30
121,5,4.66,1.86,0,1.39,0,1.41,0,0,57390,15:56:30
122,0,3.92,1.30,1,1.34,0,1.28,1,1,57450,15:57:30
123,3,4.88,2.10,0,1.40,1,1.39,0,1,57510,15:58:30
122,4,4.53,1.67,0,1.51,1,1.35,0,1,57570,15:59:30
121,2,4.56,1.64,0,1.57,0,1.35,0,0,57630,16:00:30
120,1,4.32,1.26,1,1.59,1,1.47,0,1,57690,16:01:30
119,1,4.84,1.75,1,1.86,0,1.23,0,1,57750,16:02:30
120,4,5.53,1.95,0,2.13,1,1.45,0,1,57810,16:03:30
119,3,4.62,1.83,0,1.44,1,1.35,1,1,57870,16:04:30
119,1,4.70,1.62,0,1.60,0,1.49,0,0,57930,16:05:30
117,2,4.51,1.52,1,1.75,0,1.25,1,1,57990,16:06:30
117,3,4.05,1.40,1,1.32,0,1.33,1,1,58050,16:07:30
116,2,3.90,1.22,0,1.30,1,1.38,0,1,58110,16:08:30
116,4,4.29,1.35,1,1.38,1,1.55,1,1,58170,16:09:30
115,4,5.12,1.29,0,1.85,0,1.98,1,1,58230,16:10:30
114,2,4.49,1.23,0,1.81,1,1.45,1,1,58290,16:11:30
113,5,5.01,1.42,0,1.65,0,1.95,1,1,58350,16:12:30
111,0,4.87,1.26,0,1.82,0,1.79,0,0,58410,16:13:30
110,5,4.22,1.40,1,1.44,1,1.38,0,1,58470,16:14:30
112,5,4.82,1.70,1,1.36,0,1.76,1,1,58530,16:15:30
111,3,4.65,1.62,0,1.42,1,1.62,1,1,58590,16:16:30
112,1,4.11,1.31,1,1.22,0,1.58,1,1,58650,16:17:30
110,4,4.68,1.52,0,1.43,1,1.73,0,1,58710,16:18:30
110,3,4.34,1.38,1,1.31,1,1.65,1,1,58770,16:19:30
110,4,5.12,1.54,1,1.92,0,1.66,1,1,58830,16:20:30
110,4,4.89,1.61,1,1.88,1,1.40,0,1,58890,16:21:30
108,5,3.92,1.38,0,1.23,1,1.31,0,1,58950,16:22:30
108,1,4.46,1.58,0,1.59,1,1.29,1,1,59010,16:23:30
109,0,4.31,1.58,1,1.60,0,1.12,0,1,59070,16:24:30
109,3,4.27,1.28,0,1.79,1,1.20,0,1,59130,16:25:30
110,0,4.97,1.53,0,1.75,0,1.69,1,1,59190,16:26:30
109,2,4.06,1.19,1,1.29,1,1.59,1,1,59250,16:27:30
107,3,3.86,1.22,0,1.36,0,1.29,1,1,59310,16:28:30
107,3,4.32,1.54,1,1.52,1,1.25,1,1,59370,16:29:30
107,1,3.76,1.14,0,1.15,1,1.47,1,1,59430,16:30:30
105,2,4.13,1.72,0,1.29,0,1.13,0,0,59490,16:31:30
105,4,4.79,1.53,0,1.50,1,1.76,1,1,59550,16:32:30
105,2,4.24,1.35,1,1.13,0,1.75,1,1,59610,16:33:30
103,0,3.83,1.14,0,1.07,0,1.61,1,1,59670,16:34:30
103,4,3.81,1.28,1,1.29,1,1.24,0,1,59730,16:35:30
102,0,3.70,1.32,0,1.26,1,1.12,1,1,59790,16:36:30
103,1,4.45,1.63,1,1.73,0,1.09,1,1,59850,16:37:30
102,1,3.70,1.28,1,1.09,0,1.33,1,1,59910,16:38:30
103,2,4.65,1.29,0,1.63,0,1.73,1,1,59970,16:39:30
101,0,4.63,1.36,0,1.68,0,1.58,0,0,60030,16:40:30
101,5,4.75,1.56,1,1.75,0,1.44,1,1,60090,16:41:30
101,1,3.89,1.41,0,1.17,1,1.31,1,1,60150,16:42:30
100,5,3.71,1.16,0,1.35,0,1.20,0,0,60210,16:43:30
100,2,3.67,1.08,0,1.51,0,1.07,1,1,60270,16:44:30
100,0,3.79,1.01,0,1.11,1,1.67,1,1,60330,16:45:30
101,3,3.66,1.30,0,1.19,0,1.17,1,1,60390,16:46:30
100,4,4.32,1.71,1,1.31,0,1.31,1,1,60450,16:47:30
100,1,3.83,1.46,0,1.31,1,1.06,0,1,60510,16:48:30
98,3,4.62,1.59,0,1.37,1,1.66,1,1,60570,16:49:30
98,2,4.18,1.54,0,1.34,0,1.30,0,0,60630,16:50:30
99,4,3.54,1.27,0,1.13,0,1.14,1,1,60690,16:51:30
99,3,3.78,1.34,0,1.11,0,1.33,1,1,60750,16:52:30
100,1,3.34,1.06,0,1.03,1,1.26,0,1,60810,16:53:30
100,2,3.74,1.15,0,1.50,1,1.08,1,1,60870,16:54:30
100,1,4.39,1.62,1,1.46,1,1.31,1,1,60930,16:55:30
99,0,3.24,0.99,1,1.21,0,1.04,1,1,60990,16:56:30
97,3,3.46,1.10,1,1.11,0,1.26,0,1,61050,16:57:30
97,3,3.97,1.21,1,1.59,1,1.18,1,1,61110,16:58:30
97,2,3.73,1.08,0,1.30,1,1.35,1,1,61170,16:59:30
98,0,3.83,1.34,1,1.48,1,1.00,1,1,61230,17:00:30
99,2,4.32,1.35,1,1.43,1,1.54,1,1,61290,17:01:30
98,3,3.94,1.18,1,1.17,1,1.59,1,1,61350,17:02:30
98,0,3.66,1.21,1,1.27,0,1.18,1,1,61410,17:03:30
98,5,4.00,1.51,0,1.33,0,1.15,1,1,61470,17:04:30
97,1,3.45,1.03,0,1.05,0,1.38,1,1,61530,17:05:30
96,2,3.71,1.25,0,1.26,1,1.20,1,1,61590,17:06:30
96,1,4.19,1.46,0,1.38,1,1.35,0,1,61650,17:07:30
96,5,3.63,1.32,1,1.20,1,1.11,0,1,61710,17:08:30
96,2,3.85,1.47,1,1.32,0,1.06,1,1,61770,17:09:30
95,3,3.78,1.50,1,1.25,1,1.03,0,1,61830,17:10:30
94,1,3.61,1.12,1,1.37,0,1.12,1,1,61890,17:11:30
93,1,3.77,1.56,0,1.21,0,1.00,1,1,61950,17:12:30
94,3,4.21,1.10,1,1.56,1,1.55,1,1,62010,17:13:30
93,2,3.71,1.57,0,1.06,0,1.07,1,1,62070,17:14:30
92,4,4.44,1.50,1,1.54,1,1.40,1,1,62130,17:15:30
92,0,3.39,1.26,0,1.14,0,0.99,0,0,62190,17:16:30
92,1,3.08,1.12,1,0.98,1,0.98,1,1,62250,17:17:30
92,5,3.56,1.17,0,1.25,1,1.15,0,1,62310,17:18:30
91,4,4.38,1.61,0,1.24,1,1.53,0,1,62370,17:19:30
91,0,3.42,1.20,0,0.96,1,1.26,0,1,62430,17:20:30
90,1,4.26,1.54,0,1.48,0,1.24,1,1,62490,17:21:30
90,5,4.36,1.43,1,1.48,1,1.45,0,1,62550,17:22:30
90,4,3.57,1.21,1,1.27,1,1.09,1,1,62610,17:23:30
90,0,3.55,1.29,1,1.29,1,0.98,0,1,62670,17:24:30
90,3,4.24,1.51,0,1.28,1,1.45,1,1,62730,17:25:30
90,4,4.22,1.57,1,1.27,1,1.39,1,1,62790,17:26:30
90,1,4.15,1.38,0,1.31,1,1.46,0,1,62850,17:27:30
89,5,3.57,1.08,0,1.20,1,1.28,1,1,62910,17:28:30
90,3,3.42,1.22,1,1.04,0,1.16,0,1,62970,17:29:30
89,4,3.72,1.48,1,1.19,1,1.04,0,1,63030,17:30:30
89,3,3.98,1.22,0,1.17,0,1.58,0,0,63090,17:31:30
89,2,3.07,0.98,0,1.12,1,0.98,1,1,63150,17:32:30
90,5,4.21,1.51,1,1.07,0,1.63,0,1,63210,17:33:30
89,0,3.60,1.29,1,1.29,0,1.02,0,1,63270,17:34:30
89,2,3.75,1.03,1,1.15,1,1.56,1,1,63330,17:35:30
88,2,3.55,1.21,1,1.01,1,1.34,1,1,63390,17:36:30
86,5,4.09,1.33,1,1.35,0,1.41,1,1,63450,17:37:30
86,3,3.62,1.52,1,1.11,0,0.99,0,1,63510,17:38:30
85,1,3.15,1.00,0,1.23,0,0.92,1,1,63570,17:39:30
86,5,3.95,1.22,1,1.34,0,1.39,0,1,63630,17:40:30
86,5,3.53,1.05,1,1.12,0,1.36,1,1,63690,17:41:30
87,2,3.78,1.35,0,1.46,1,0.98,1,1,63750,17:42:30
87,4,3.84,1.43,0,1.42,0,0.99,0,0,63810,17:43:30
86,2,3.64,1.32,1,1.10,1,1.22,1,1,63870,17:44:30
85,5,3.31,1.14,1,1.19,1,0.99,1,1,63930,17:45:30
86,2,3.78,1.38,1,0.97,0,1.43,0,1,63990,17:46:30
86,0,3.70,1.21,0,1.15,0,1.34,0,0,64050,17:47:30
87,4,3.96,1.44,0,1.50,1,1.01,1,1,64110,17:48:30
88,2,3.77,1.16,1,1.18,1,1.43,1,1,64170,17:49:30
89,0,3.47,1.35,1,1.22,0,0.90,0,1,64230,17:50:30
90,0,3.13,1.14,1,0.99,1,1.00,1,1,64290,17:51:30
90,2,3.92,1.51,0,1.12,0,1.29,1,1,64350,17:52:30
90,3,3.88,1.42,0,1.30,0,1.16,0,0,64410,17:53:30
92,5,3.58,1.11,0,1.36,1,1.11,0,1,64470,17:54:30
91,3,3.42,1.14,0,1.11,1,1.16,1,1,64530,17:55:30
91,2,3.51,1.28,0,1.22,0,1.01,1,1,64590,17:56:30
90,1,3.25,1.10,0,1.08,0,1.07,0,0,64650,17:57:30
91,5,4.10,1.47,1,1.52,1,1.11,1,1,64710,17:58:30
90,4,3.91,1.53,0,1.27,0,1.11,1,1,64770,17:59:30
91,4,4.15,1.24,1,1.29,0,1.62,0,1,64830,18:00:30
90,0,4.02,1.23,0,1.38,1,1.41,1,1,64890,18:01:30
89,2,3.61,1.29,0,1.19,1,1.13,0,1,64950,18:02:30
89,3,4.01,1.00,1,1.52,0,1.49,1,1,65010,18:03:30
89,4,3.94,1.20,1,1.29,1,1.45,1,1,65070,18:04:30
87,4,4.54,1.47,0,1.50,0,1.56,1,1,65130,18:05:30
87,4,3.18,1.14,0,1.03,0,1.02,1,1,65190,18:06:30
87,1,3.25,0.92,1,1.11,1,1.23,1,1,65250,18:07:30
87,0,3.00,1.14,1,0.91,0,0.95,1,1,65310,18:08:30
87,5,4.01,1.33,1,1.37,0,1.31,0,1,65370,18:09:30
87,5,3.77,1.34,1,1.22,0,1.21,1,1,65430,18:10:30
87,3,3.84,1.14,1,1.22,1,1.48,0,1,65490,18:11:30
87,1,3.27,1.26,1,1.06,0,0.95,0,1,65550,18:12:30
86,3,3.29,1.09,1,1.24,1,0.96,0,1,65610,18:13:30
85,3,3.15,1.03,1,0.95,0,1.18,0,1,65670,18:14:30
85,0,3.54,1.42,1,0.90,1,1.21,0,1,65730,18:15:30
85,2,3.64,1.40,0,0.93,0,1.31,1,1,65790,18:16:30
84,0,6.06,0.99,1,1.20,0,0.88,1,1,65850,18:17:30
85,0,2.85,1.02,0,0.87,1,0.96,1,1,65910,18:18:30
84,5,3.56,1.18,1,1.34,0,1.04,0,1,65970,18:19:30
85,1,3.59,0.98,0,1.21,0,1.40,0,0,66030,18:20:30
86,2,2.92,1.05,1,0.93,0,0.95,1,1,66090,18:21:30
85,5,3.12,1.00,1,1.09,1,1.03,0,1,66150,18:22:30
84,4,3.77,1.48,1,1.04,0,1.25,0,1,66210,18:23:30
83,4,3.22,0.94,0,1.04,0,1.24,1,1,66270,18:24:30
84,5,3.93,1.39,0,1.31,1,1.24,0,1,66330,18:25:30
84,0,3.24,1.08,0,1.08,0,1.09,1,1,66390,18:26:30
83,4,3.38,1.18,0,0.96,0,1.24,0,0,66450,18:27:30
82,3,3.36,0.94,1,1.14,0,1.28,0,1,66510,18:28:30
81,3,3.05,1.10,1,0.99,0,0.96,0,1,66570,18:29:30
81,2,3.46,1.10,1,1.38,1,0.98,0,1,66630,18:30:30
81,2,3.68,1.34,0,1.09,1,1.25,0,1,66690,18:31:30
82,5,3.36,1.38,0,1.00,1,0.99,1,1,66750,18:32:30
82,5,3.42,1.03,1,1.03,0,1.36,0,1,66810,18:33:30
81,3,3.67,1.41,1,1.08,1,1.18,1,1,66870,18:34:30
81,0,2.75,1.08,1,0.84,1,0.83,0,1,66930,18:35:30
79,2,3.60,1.22,1,1.28,1,1.10,0,1,66990,18:36:30
80,4,3.34,1.14,0,1.14,1,1.06,1,1,67050,18:37:30
79,0,3.19,1.23,1,1.01,0,0.94,1,1,67110,18:38:30
79,1,2.99,1.16,0,0.87,0,0.96,1,1,67170,18:39:30
77,0,2.81,0.84,1,0.96,1,1.01,0,1,67230,18:40:30
77,0,2.65,0.79,0,0.81,1,1.05,1,1,67290,18:41:30
77,2,2.91,0.90,1,0.93,0,1.08,0,1,67350,18:42:30
76,4,3.13,0.95,0,1.30,1,0.88,1,1,67410,18:43:30
74,4,3.06,0.94,1,1.08,1,1.03,1,1,67470,18:44:30
73,4,2.74,0.91,0,0.95,1,0.88,1,1,67530,18:45:30
74,0,2.38,0.82,0,0.81,1,0.74,0,1,67590,18:46:30
73,3,3.07,0.85,0,1.28,1,0.94,1,1,67650,18:47:30
72,5,2.93,0.92,1,1.14,0,0.87,1,1,67710,18:48:30
72,4,3.46,1.09,1,1.30,0,1.06,0,1,67770,18:49:30
72,1,2.50,0.80,0,0.88,1,0.82,0,1,67830,18:50:30
71,0,3.12,1.11,0,0.85,1,1.16,0,1,67890,18:51:30
71,5,3.34,0.94,0,1.33,0,1.06,1,1,67950,18:52:30
70,4,2.86,0.96,0,0.93,0,0.98,0,0,68010,18:53:30
68,4,2.54,0.81,0,0.87,0,0.85,1,1,68070,18:54:30
68,5,3.22,1.19,1,0.92,0,1.12,0,1,68130,18:55:30
68,0,2.39,0.69,1,0.93,1,0.77,1,1,68190,18:56:30
67,4,2.58,0.89,0,0.86,1,0.83,0,1,68250,18:57:30
67,0,2.48,0.75,1,0.74,0,0.99,1,1,68310,18:58:30
67,3,2.67,0.93,0,0.79,1,0.94,1,1,68370,18:59:30
67,5,2.91,0.96,0,1.08,1,0.87,0,1,68430,19:00:30
68,0,2.81,0.76,0,1.00,0,1.05,1,1,68490,19:01:30
67,1,2.58,0.75,0,0.97,1,0.86,0,1,68550,19:02:30
69,1,2.52,0.83,0,0.82,1,0.87,0,1,68610,19:03:30
68,0,2.93,1.10,0,1.01,1,0.82,1,1,68670,19:04:30
68,4,3.04,1.13,1,0.98,1,0.93,1,1,68730,19:05:30
68,2,2.60,0.74,0,1.09,1,0.77,1,1,68790,19:06:30
68,2,3.14,1.15,0,1.15,0,0.84,1,1,68850,19:07:30
69,4,2.83,1.05,1,0.94,0,0.84,0,1,68910,19:08:30
70,0,2.86,1.08,0,0.96,1,0.82,1,1,68970,19:09:30
68,4,2.92,0.91,0,1.18,0,0.82,0,0,69030,19:10:30
69,0,2.63,0.85,0,0.77,1,1.01,0,1,69090,19:11:30
67,1,2.77,0.93,1,1.07,0,0.76,1,1,69150,19:12:30
67,2,3.04,0.99,0,0.92,1,1.12,1,1,69210,19:13:30
68,2,2.70,0.86,1,1.09,1,0.75,1,1,69270,19:14:30
69,4,3.42,1.25,1,1.04,0,1.13,1,1,69330,19:15:30
69,3,3.02,0.93,1,1.21,1,0.87,1,1,69390,19:16:30
69,0,2.25,0.85,1,0.70,0,0.70,0,1,69450,19:17:30
68,2,2.31,0.79,1,0.76,0,0.76,1,1,69510,19:18:30
68,1,2.86,0.95,0,0.99,0,0.93,1,1,69570,19:19:30
68,4,2.61,0.84,0,0.91,1,0.86,0,1,69630,19:20:30
68,1,2.80,0.97,0,1.07,1,0.76,1,1,69690,19:21:30
66,4,2.74,1.08,1,0.88,0,0.78,0,1,69750,19:22:30
66,1,2.79,0.92,0,1.03,0,0.84,0,0,69810,19:23:30
67,3,2.68,0.79,1,0.83,1,1.06,1,1,69870,19:24:30
68,3,2.85,0.85,0,0.78,0,1.22,0,0,69930,19:25:30
68,4,3.23,0.96,0,1.11,0,1.16,1,1,69990,19:26:30
68,3,3.11,0.89,1,1.24,1,0.97,1,1,70050,19:27:30
66,5,2.58,0.85,0,0.88,0,0.85,1,1,70110,19:28:30
65,5,3.25,1.16,1,0.88,1,1.21,1,1,70170,19:29:30
65,4,2.84,0.90,1,1.14,1,0.80,1,1,70230,19:30:30
64,0,2.32,0.70,1,0.82,1,0.80,1,1,70290,19:31:30
64,2,2.69,0.79,1,1.11,1,0.79,1,1,70350,19:32:30
65,3,2.76,0.85,0,1.12,0,0.79,1,1,70410,19:33:30
66,2,2.80,0.75,1,1.00,1,1.06,0,1,70470,19:34:30
67,5,3.09,0.98,1,1.05,1,1.06,0,1,70530,19:35:30
67,3,2.91,1.08,0,0.88,1,0.96,0,1,70590,19:36:30
66,3,2.77,1.09,0,0.92,0,0.76,0,0,70650,19:37:30
68,2,2.74,1.17,1,0.74,1,0.83,1,1,70710,19:38:30
69,4,3.10,1.26,0,0.85,1,0.99,0,1,70770,19:39:30
71,3,2.94,0.89,1,1.02,0,1.04,0,1,70830,19:40:30
71,1,2.85,0.95,1,1.15,1,0.74,1,1,70890,19:41:30
70,5,3.15,0.98,1,1.05,0,1.12,0,1,70950,19:42:30
70,5,3.51,1.24,0,1.26,0,1.01,1,1,71010,19:43:30
70,3,3.33,1.01,0,1.10,0,1.22,1,1,71070,19:44:30
69,0,2.84,0.78,0,1.15,0,0.91,1,1,71130,19:45:30
67,2,2.70,0.81,1,0.88,1,1.01,0,1,71190,19:46:30
65,1,2.67,1.05,1,0.71,0,0.90,1,1,71250,19:47:30
66,1,2.65,0.98,0,0.84,1,0.82,1,1,71310,19:48:30
64,5,3.08,1.08,0,1.04,1,0.96,0,1,71370,19:49:30
63,5,3.27,1.15,1,1.06,0,1.07,0,1,71430,19:50:30
62,3,2.69,0.93,1,0.85,0,0.92,0,1,71490,19:51:30
61,4,2.56,0.71,0,0.83,0,1.02,1,1,71550,19:52:30
61,2,2.71,0.69,1,1.03,1,0.98,1,1,71610,19:53:30
61,0,2.20,0.62,0,0.79,0,0.78,1,1,71670,19:54:30
62,4,3.13,1.05,0,0.95,0,1.13,1,1,71730,19:55:30
63,3,2.61,0.85,0,0.78,0,0.98,0,0,71790,19:56:30
63,2,2.35,0.71,0,0.91,0,0.73,1,1,71850,19:57:30
65,3,2.73,0.88,1,0.79,0,1.05,0,1,71910,19:58:30
65,0,2.51,0.96,0,0.75,1,0.80,1,1,71970,19:59:30
66,2,2.58,1.11,1,0.74,0,0.73,1,1,72030,20:00:30
66,2,2.97,1.01,1,0.82,0,1.14,1,1,72090,20:01:30
64,4,2.80,0.92,1,0.99,0,0.89,0,1,72150,20:02:30
65,3,2.66,0.83,0,0.93,0,0.90,1,1,72210,20:03:30
64,3,2.85,0.90,1,0.92,1,1.03,0,1,72270,20:04:30
62,5,2.61,0.83,1,0.98,1,0.80,0,1,72330,20:05:30
61,4,2.72,1.01,1,0.81,0,0.90,1,1,72390,20:06:30
61,4,2.99,0.95,1,1.12,0,0.93,1,1,72450,20:07:30
60,1,2.13,0.63,0,0.63,0,0.87,1,1,72510,20:08:30
58,3,2.41,0.89,0,0.82,1,0.71,1,1,72570,20:09:30
58,0,2.26,0.67,0,0.67,0,0.91,0,0,72630,20:10:30
59,0,2.13,0.65,1,0.69,0,0.79,0,1,72690,20:11:30
59,0,2.25,0.81,0,0.80,0,0.65,0,0,72750,20:12:30
58,2,2.35,0.97,1,0.71,1,0.67,1,1,72810,20:13:30
58,1,2.32,0.86,0,0.66,0,0.80,0,0,72870,20:14:30
58,4,2.69,0.97,1,0.93,1,0.78,0,1,72930,20:15:30
56,0,1.84,0.66,0,0.59,0,0.60,0,0,72990,20:16:30
57,1,2.58,0.75,1,0.99,0,0.84,0,1,73050,20:17:30
57,1,2.27,0.67,1,0.93,1,0.66,0,1,73110,20:18:30
56,0,2.24,0.78,0,0.86,0,0.60,0,0,73170,20:19:30
57,1,2.70,0.96,0,0.78,1,0.96,0,1,73230,20:20:30
58,1,2.40,0.72,1,0.69,0,0.99,1,1,73290,20:21:30
59,2,2.19,0.76,1,0.67,1,0.76,1,1,73350,20:22:30
58,3,2.45,0.74,0,0.94,0,0.77,0,0,73410,20:23:30
58,2,2.90,0.90,1,0.97,1,1.03,0,1,73470,20:24:30
59,2,2.41,0.76,0,0.79,1,0.86,0,1,73530,20:25:30
59,0,2.25,0.92,0,0.70,0,0.62,0,0,73590,20:26:30
58,4,2.37,0.78,1,0.78,0,0.81,1,1,73650,20:27:30
59,0,2.01,0.71,0,0.63,1,0.66,1,1,73710,20:28:30
59,5,2.60,0.77,1,1.07,0,0.76,0,1,73770,20:29:30
59,0,2.24,0.89,1,0.62,1,0.73,1,1,73830,20:30:30
60,0,2.33,0.63,1,0.86,0,0.85,0,1,73890,20:31:30
61,0,2.87,0.87,1,1.02,0,0.98,1,1,73950,20:32:30
61,2,2.29,0.78,1,0.80,0,0.70,1,1,74010,20:33:30
59,1,2.48,0.85,0,0.72,0,0.92,1,1,74070,20:34:30
59,5,2.81,1.05,0,0.89,1,0.87,1,1,74130,20:35:30
59,0,2.15,0.63,1,0.86,0,0.66,1,1,74190,20:36:30
61,3,2.55,0.79,0,0.78,0,0.98,0,0,74250,20:37:30
60,1,2.41,0.91,0,0.64,0,0.86,0,0,74310,20:38:30
60,1,2.25,0.88,0,0.67,1,0.70,1,1,74370,20:39:30
60,5,2.99,1.09,0,0.82,1,1.08,1,1,74430,20:40:30
59,5,2.47,0.73,0,0.99,1,0.76,0,1,74490,20:41:30
57,5,2.96,0.98,1,1.04,1,0.94,1,1,74550,20:42:30
56,1,2.33,0.80,0,0.78,0,0.74,1,1,74610,20:43:30
54,1,2.09,0.78,1,0.72,0,0.60,0,1,74670,20:44:30
53,3,2.43,0.91,0,0.82,0,0.70,0,0,74730,20:45:30
54,2,2.11,0.73,1,0.74,0,0.64,1,1,74790,20:46:30
54,5,2.48,0.90,1,0.74,0,0.83,0,1,74850,20:47:30
54,3,2.38,0.76,1,0.66,1,0.95,0,1,74910,20:48:30
54,3,2.31,0.67,1,0.95,1,0.69,1,1,74970,20:49:30
54,3,2.43,0.73,1,0.84,1,0.86,1,1,75030,20:50:30
53,1,1.88,0.65,1,0.61,1,0.63,1,1,75090,20:51:30
53,2,2.22,0.74,1,0.70,0,0.78,0,1,75150,20:52:30
52,3,2.32,0.71,0,0.77,0,0.83,0,0,75210,20:53:30
52,2,2.07,0.71,0,0.66,1,0.70,0,1,75270,20:54:30
53,1,2.13,0.59,1,0.85,1,0.69,1,1,75330,20:55:30
53,3,2.20,0.67,0,0.63,0,0.91,0,0,75390,20:56:30
52,0,2.51,0.87,1,0.84,0,0.80,1,1,75450,20:57:30
53,4,2.52,0.85,1,0.68,1,0.99,1,1,75510,20:58:30
51,4,2.43,0.71,1,0.98,0,0.74,0,1,75570,20:59:30
51,2,1.99,0.78,0,0.59,1,0.63,0,1,75630,21:00:30
50,2,2.41,0.67,1,0.83,0,0.91,1,1,75690,21:01:30
51,1,2.30,0.81,0,0.76,1,0.73,0,1,75750,21:02:30
50,4,2.50,0.74,1,0.80,0,0.96,1,1,75810,21:03:30
50,0,1.82,0.74,0,0.57,0,0.52,0,0,75870,21:04:30
50,2,2.20,0.74,1,0.81,1,0.64,1,1,75930,21:05:30
48,1,1.80,0.51,0,0.73,0,0.56,1,1,75990,21:06:30
49,3,2.44,0.78,1,0.83,0,0.83,1,1,76050,21:07:30
48,0,1.73,0.50,1,0.63,1,0.60,0,1,76110,21:08:30
48,5,2.35,0.92,0,0.65,1,0.77,1,1,76170,21:09:30
48,1,1.65,0.53,0,0.59,1,0.54,1,1,76230,21:10:30
49,4,2.33,0.75,0,0.71,0,0.87,1,1,76290,21:11:30
47,3,2.03,0.59,1,0.85,0,0.59,0,1,76350,21:12:30
47,2,2.02,0.55,1,0.68,0,0.78,0,1,76410,21:13:30
48,0,1.76,0.75,1,0.53,0,0.48,0,1,76470,21:14:30
47,1,1.82,0.63,1,0.67,0,0.52,0,1,76530,21:15:30
48,3,2.08,0.58,0,0.88,1,0.62,0,1,76590,21:16:30
47,2,2.00,0.80,0,0.61,1,0.60,1,1,76650,21:17:30
46,5,2.21,0.87,0,0.63,1,0.71,0,1,76710,21:18:30
46,3,1.91,0.76,1,0.56,0,0.60,1,1,76770,21:19:30
45,0,1.65,0.45,0,0.51,1,0.69,0,1,76830,21:20:30
44,2,1.99,0.79,1,0.66,1,0.54,0,1,76890,21:21:30
44,4,1.74,0.56,1,0.57,1,0.61,0,1,76950,21:22:30
43,0,1.76,0.67,0,0.63,0,0.45,0,0,77010,21:23:30
41,1,1.63,0.60,0,0.46,0,0.57,0,0,77070,21:24:30
42,3,1.95,0.58,0,0.59,1,0.78,1,1,77130,21:25:30
42,2,1.71,0.52,1,0.64,0,0.55,1,1,77190,21:26:30
42,1,1.78,0.58,1,0.71,0,0.48,1,1,77250,21:27:30
43,0,1.97,0.62,0,0.69,0,0.65,1,1,77310,21:28:30
43,0,1.51,0.53,1,0.44,0,0.54,1,1,77370,21:29:30
43,3,2.03,0.55,0,0.79,1,0.69,1,1,77430,21:30:30
42,0,1.67,0.50,1,0.66,1,0.52,0,1,77490,21:31:30
40,0,1.60,0.44,0,0.56,0,0.59,1,1,77550,21:32:30
40,0,1.36,0.43,0,0.43,1,0.50,1,1,77610,21:33:30
41,4,1.83,0.70,0,0.57,0,0.56,0,0,77670,21:34:30
39,0,1.32,0.44,1,0.41,1,0.48,1,1,77730,21:35:30
40,0,1.43,0.56,1,0.45,0,0.41,0,1,77790,21:36:30
39,1,1.64,0.48,1,0.68,1,0.48,1,1,77850,21:37:30
39,1,1.47,0.50,1,0.45,1,0.53,1,1,77910,21:38:30
39,0,1.47,0.61,0,0.46,0,0.40,0,0,77970,21:39:30
40,2,1.83,0.54,1,0.59,1,0.71,0,1,78030,21:40:30
39,3,1.82,0.61,0,0.71,0,0.50,0,0,78090,21:41:30
38,2,1.77,0.59,1,0.65,0,0.53,1,1,78150,21:42:30
37,5,2.11,0.61,0,0.74,1,0.76,0,1,78210,21:43:30
37,2,1.47,0.54,0,0.45,0,0.47,0,0,78270,21:44:30
38,2,1.70,0.67,0,0.55,1,0.47,0,1,78330,21:45:30
38,5,2.09,0.66,1,0.67,0,0.75,1,1,78390,21:46:30
39,0,1.55,0.54,1,0.45,1,0.56,1,1,78450,21:47:30
40,5,1.97,0.68,0,0.71,1,0.59,0,1,78510,21:48:30
39,0,1.57,0.53,0,0.55,1,0.49,0,1,78570,21:49:30
38,1,1.34,0.44,0,0.42,0,0.48,1,1,78630,21:50:30
39,4,1.73,0.58,1,0.58,0,0.57,1,1,78690,21:51:30
38,5,2.08,0.58,0,0.77,0,0.73,0,0,78750,21:52:30
38,5,1.96,0.75,1,0.62,0,0.59,1,1,78810,21:53:30
38,0,1.47,0.47,0,0.39,0,0.61,0,0,78870,21:54:30
38,4,1.78,0.57,1,0.54,1,0.67,1,1,78930,21:55:30
39,5,2.24,0.67,1,0.79,1,0.78,0,1,78990,21:56:30
39,4,1.71,0.50,0,0.60,0,0.61,0,0,79050,21:57:30
38,3,1.68,0.64,0,0.54,0,0.50,1,1,79110,21:58:30
37,4,1.80,0.54,1,0.54,1,0.72,1,1,79170,21:59:30
0,1,0.11,0.03,0,0.04,0,0.03,0,0,79230,22:00:30
0,0,0.00,0.00,0,0.00,0,0.00,0,0,79290,22:01:30
0,5,0.47,0.19,0,0.13,0,0.15,0,0,79350,22:02:30
0,1,0.09,0.03,0,0.03,0,0.04,0,0,79410,22:03:30
0,4,0.42,0.14,0,0.12,0,0.15,0,0,79470,22:04:30
0,5,0.44,0.15,0,0.16,0,0.13,0,0,79530,22:05:30
0,3,0.30,0.08,0,0.10,0,0.12,0,0,79590,22:06:30
0,3,0.28,0.08,0,0.09,0,0.12,0,0,79650,22:07:30
0,3,0.29,0.09,0,0.12,0,0.09,0,0,79710,22:08:30
0,0,0.00,0.00,0,0.00,0,0.00,0,0,79770,22:09:30
0,1,0.09,0.03,0,0.03,0,0.03,0,0,79830,22:10:30
0,5,0.48,0.15,0,0.13,0,0.20,0,0,79890,22:11:30
0,0,0.00,0.00,0,0.00,0,0.00,0,0,79950,22:12:30
0,0,0.00,0.00,0,0.00,0,0.00,0,0,80010,22:13:30
0,1,0.09,0.04,0,0.03,0,0.03,0,0,80070,22:14:30
0,0,0.00,0.00,0,0.00,0,0.00,0,0,80130,22:15:30
0,1,0.08,0.03,0,0.03,0,0.03,0,0,80190,22:16:30
0,2,0.21,0.06,0,0.07,0,0.08,0,0,80250,22:17:30
0,3,0.29,0.09,0,0.09,0,0.11,0,0,80310,22:18:30
0,5,0.48,0.19,0,0.13,0,0.17,0,0,80370,22:19:30
0,3,0.27,0.08,0,0.11,0,0.08,0,0,80430,22:20:30
0,3,0.25,0.08,0,0.09,0,0.08,0,0,80490,22:21:30
0,0,0.00,0.00,0,0.00,0,0.00,0,0,80550,22:22:30
0,0,0.00,0.00,0,0.00,0,0.00,0,0,80610,22:23:30
0,0,0.00,0.00,0,0.00,0,0.00,0,0,80670,22:24:30
0,3,0.31,0.11,0,0.10,0,0.11,0,0,80730,22:25:30
0,5,0.45,0.14,0,0.17,0,0.14,0,0,80790,22:26:30
0,3,0.30,0.11,0,0.12,0,0.08,0,0,80850,22:27:30
0,1,0.09,0.03,0,0.03,0,0.03,0,0,80910,22:28:30
0,2,0.19,0.06,0,0.08,0,0.05,0,0,80970,22:29:30
0,4,0.36,0.13,0,0.10,0,0.13,0,0,81030,22:30:30
0,1,0.10,0.03,0,0.03,0,0.04,0,0,81090,22:31:30
0,5,0.45,0.13,0,0.14,0,0.19,0,0,81150,22:32:30
0,4,0.35,0.12,0,0.13,0,0.10,0,0,81210,22:33:30
0,5,0.53,0.17,0,0.17,0,0.19,0,0,81270,22:34:30
0,5,0.49,0.19,0,0.13,0,0.17,0,0,81330,22:35:30
0,2,0.17,0.06,0,0.06,0,0.06,0,0,81390,22:36:30
0,5,0.46,0.17,0,0.14,0,0.16,0,0,81450,22:37:30
0,0,0.00,0.00,0,0.00,0,0.00,0,0,81510,22:38:30
0,5,0.48,0.15,0,0.17,0,0.16,0,0,81570,22:39:30
0,2,0.18,0.07,0,0.06,0,0.05,0,0,81630,22:40:30
0,3,0.29,0.10,0,0.09,0,0.10,0,0,81690,22:41:30
0,0,0.00,0.00,0,0.00,0,0.00,0,0,81750,22:42:30
0,0,0.00,0.00,0,0.00,0,0.00,0,0,81810,22:43:30
0,2,0.20,0.06,0,0.07,0,0.06,0,0,81870,22:44:30
0,1,0.09,0.03,0,0.03,0,0.03,0,0,81930,22:45:30
0,2,0.17,0.05,0,0.06,0,0.07,0,0,81990,22:46:30
0,0,0.00,0.00,0,0.00,0,0.00,0,0,82050,22:47:30
0,4,0.41,0.12,0,0.13,0,0.16,0,0,82110,22:48:30
0,3,0.23,0.08,0,0.08,0,0.08,0,0,82170,22:49:30
0,4,0.37,0.14,0,0.11,0,0.12,0,0,82230,22:50:30
0,1,0.11,0.04,0,0.04,0,0.03,0,0,82290,22:51:30
0,3,0.25,0.08,0,0.08,0,0.09,0,0,82350,22:52:30
0,0,0.00,0.00,0,0.00,0,0.00,0,0,82410,22:53:30
0,4,0.39,0.14,0,0.11,0,0.13,0,0,82470,22:54:30
0,5,0.48,0.15,0,0.14,0,0.20,0,0,82530,22:55:30
0,0,0.00,0.00,0,0.00,0,0.00,0,0,82590,22:56:30
0,1,0.09,0.03,0,0.03,0,0.03,0,0,82650,22:57:30
0,1,0.10,0.03,0,0.03,0,0.04,0,0,82710,22:58:30
0,2,0.18,0.06,0,0.07,0,0.05,0,0,82770,22:59:30
0,3,0.27,0.08,0,0.10,0,0.09,0,0,82830,23:00:30
0,2,0.21,0.06,0,0.06,0,0.08,0,0,82890,23:01:30
0,4,0.39,0.14,0,0.10,0,0.15,0,0,82950,23:02:30
0,1,0.10,0.03,0,0.04,0,0.03,0,0,83010,23:03:30
0,2,0.18,0.05,0,0.07,0,0.06,0,0,83070,23:04:30
0,1,0.10,0.04,0,0.04,0,0.03,0,0,83130,23:05:30
0,5,0.53,0.19,0,0.20,0,0.14,0,0,83190,23:06:30
0,5,0.46,0.19,0,0.13,0,0.14,0,0,83250,23:07:30
0,5,0.45,0.14,0,0.17,0,0.14,0,0,83310,23:08:30
0,5,0.46,0.16,0,0.13,0,0.17,0,0,83370,23:09:30
0,5,0.47,0.18,0,0.16,0,0.13,0,0,83430,23:10:30
0,2,0.17,0.07,0,0.05,0,0.06,0,0,83490,23:11:30
0,0,0.00,0.00,0,0.00,0,0.00,0,0,83550,23:12:30
0,3,0.24,0.08,0,0.08,0,0.08,0,0,83610,23:13:30
0,0,0.00,0.00,0,0.00,0,0.00,0,0,83670,23:14:30
0,4,0.33,0.11,0,0.11,0,0.11,0,0,83730,23:15:30
0,1,0.08,0.03,0,0.03,0,0.03,0,0,83790,23:16:30
0,1,0.09,0.03,0,0.03,0,0.03,0,0,83850,23:17:30
0,0,0.00,0.00,0,0.00,0,0.00,0,0,83910,23:18:30
0,2,0.20,0.06,0,0.06,0,0.08,0,0,83970,23:19:30
0,5,0.53,0.16,0,0.20,0,0.17,0,0,84030,23:20:30
0,4,0.38,0.14,0,0.11,0,0.13,0,0,84090,23:21:30
0,5,0.42,0.16,0,0.13,0,0.13,0,0,84150,23:22:30
0,2,0.18,0.08,0,0.05,0,0.06,0,0,84210,23:23:30
0,3,0.25,0.09,0,0.08,0,0.09,0,0,84270,23:24:30
0,5,0.48,0.19,0,0.13,0,0.17,0,0,84330,23:25:30
0,1,0.10,0.03,0,0.03,0,0.04,0,0,84390,23:26:30
0,4,0.40,0.14,0,0.13,0,0.13,0,0,84450,23:27:30
0,3,0.26,0.09,0,0.09,0,0.08,0,0,84510,23:28:30
0,2,0.18,0.05,0,0.08,0,0.05,0,0,84570,23:29:30
0,1,0.09,0.04,0,0.03,0,0.03,0,0,84630,23:30:30
0,3,0.26,0.09,0,0.09,0,0.08,0,0,84690,23:31:30
0,4,0.37,0.13,0,0.13,0,0.11,0,0,84750,23:32:30
0,2,0.18,0.05,0,0.06,0,0.06,0,0,84810,23:33:30
0,5,0.47,0.17,0,0.14,0,0.17,0,0,84870,23:34:30
0,4,0.36,0.13,0,0.11,0,0.12,0,0,84930,23:35:30
0,2,0.18,0.05,0,0.07,0,0.06,0,0,84990,23:36:30
0,5,0.49,0.16,0,0.13,0,0.20,0,0,85050,23:37:30
0,5,0.47,0.15,0,0.16,0,0.17,0,0,85110,23:38:30
0,0,0.00,0.00,0,0.00,0,0.00,0,0,85170,23:39:30
0,3,0.29,0.08,0,0.11,0,0.10,0,0,85230,23:40:30
0,4,0.37,0.13,0,0.12,0,0.12,0,0,85290,23:41:30
0,4,0.38,0.14,0,0.11,0,0.13,0,0,85350,23:42:30
0,3,0.25,0.09,0,0.08,0,0.09,0,0,85410,23:43:30
0,4,0.43,0.15,0,0.13,0,0.15,0,0,85470,23:44:30
0,5,0.51,0.19,0,0.13,0,0.19,0,0,85530,23:45:30
0,5,0.50,0.15,0,0.18,0,0.17,0,0,85590,23:46:30
0,3,0.27,0.10,0,0.08,0,0.09,0,0,85650,23:47:30
0,3,0.28,0.08,0,0.10,0,0.10,0,0,85710,23:48:30
0,2,0.20,0.06,0,0.06,0,0.07,0,0,85770,23:49:30
0,5,0.52,0.20,0,0.13,0,0.19,0,0,85830,23:50:30
0,2,0.22,0.07,0,0.08,0,0.07,0,0,85890,23:51:30
0,3,0.24,0.09,0,0.08,0,0.08,0,0,85950,23:52:30
0,2,0.20,0.06,0,0.07,0,0.07,0,0,86010,23:53:30
0,1,0.10,0.03,0,0.03,0,0.04,0,0,86070,23:54:30
0,1,0.09,0.03,0,0.03,0,0.04,0,0,86130,23:55:30
0,5,0.48,0.17,0,0.18,0,0.13,0,0,86190,23:56:30
0,1,0.09,0.03,0,0.04,0,0.03,0,0,86250,23:57:30
0,0,0.00,0.00,0,0.00,0,0.00,0,0,86310,23:58:30
0,4,0.34,0.12,0,0.11,0,0.11,0,0,86370,23:59:30
0,2,0.20,0.06,0,0.07,0,0.06,0,0,86430,00:00:30
